Rank,Boy,Salutation
1,Liam,Mr.
2,William,Mr.
3,Noah,Mr.
4,Benjamin,Mr.
5,Jacob,Mr.
6,Logan,Mr.
7,Nathan,Mr.
8,Oliver,Mr.
9,Lucas,Mr.
10,Ethan,Mr.
11,Thomas,Mr.
12,Mason,Mr.
13,James,Mr.
14,Gabriel,Mr.
15,Alexander,Mr.
16,Samuel,Mr.
17,Jack,Mr.
18,Owen,Mr.
19,Adam,Mr.
20,Leo,Mr.
21,Henry,Mr.
22,Jackson,Mr.
23,Aiden,Mr.
24,Felix,Mr.
25,Jayden,Mr.
26,Zachary,Mr.
27,Daniel,Mr.
28,Ryan,Mr.
29,Carter,Mr.
30,Michael,Mr.
31,Charles,Mr.
32,Hunter,Mr.
33,Isaac,Mr.
34,Matthew,Mr.
35,Caleb,Mr.
36,Xavier,Mr.
37,Nolan,Mr.
38,Hudson,Mr.
39,Raphael,Mr.
40,Evan,Mr.
41,Lincoln,Mr.
42,Dylan,Mr.
43,David,Mr.
44,Elliot,Mr.
45,Anthony,Mr.
46,Nicholas,Mr.
47,Grayson,Mr.
48,Joshua,Mr.
49,Alexis,Mr.
50,Theodore,Mr.
51,Connor,Mr.
52,Luke,Mr.
53,Wyatt,Mr.
54,Tristan,Mr.
55,Austin,Mr.
56,Eli,Mr.
57,Antoine,Mr.
58,Jaxon,Mr.
59,Emile,Mr.
60,Elijah,Mr.
61,Joseph,Mr.
62,John,Mr.
63,Edouard,Mr.
64,Levi,Mr.
65,Matteo,Mr.
66,Andrew,Mr.
67,Sebastian,Mr.
68,Blake,Mr.
69,Emmett,Mr.
70,Hayden,Mr.
71,Tyler,Mr.
72,Jordan,Mr.
73,Max,Mr.
74,Parker,Mr.
75,Chase,Mr.
76,Victor,Mr.
77,Zack,Mr.
78,Cameron,Mr.
79,Marcus,Mr.
80,Gavin,Mr.
81,Muhammad,Mr.
82,Declan,Mr.
83,Justin,Mr.
84,Landon,Mr.
85,Luca,Mr.
86,Sawyer,Mr.
87,Theo,Mr.
88,Dominic,Mr.
89,Jake,Mr.
90,Louis,Mr.
91,Harrison,Mr.
92,Mathis,Mr.
93,Colton,Mr.
94,Vincent,Mr.
95,Asher,Mr.
96,Cole,Mr.
97,Ryder,Mr.
98,Arthur,Mr.
99,Nathaniel,Mr.
100,Simon,Mr.
101,Emma,Mrs.
102,Olivia,Ms.
103,Charlotte,Mrs.
104,Sophia,Ms.
105,Emily,Mrs.
106,Chloe,Ms.
107,Ava,Mrs.
108,Mia,Ms.
109,Abigail,Mrs.
110,Amelia,Ms.
111,Leah,Mrs.
112,Alice,Ms.
113,Victoria,Mrs.
114,Sofia,Ms.
115,Isabella,Mrs.
116,Lily,Ms.
117,Zoe,Mrs.
118,Ella,Ms.
119,Elizabeth,Mrs.
120,Mila,Ms.
121,Avery,Mrs.
122,Evelyn,Ms.
123,Sophie,Mrs.
124,Sarah,Ms.
125,Hannah,Mrs.
126,Eva,Ms.
127,Madison,Mrs.
128,Grace,Ms.
129,Maya,Mrs.
130,Aria,Ms.
131,Scarlett,Mrs.
132,Anna,Ms.
133,Claire,Mrs.
134,Clara,Ms.
135,Julia,Mrs.
136,Isla,Ms.
137,Jade,Mrs.
138,Violet,Ms.
139,Ellie,Mrs.
140,Florence,Ms.
141,Brooklyn,Mrs.
142,Stella,Ms.
143,Audrey,Mrs.
144,Charlie,Ms.
145,Hailey,Mrs.
146,Rosalie,Ms.
147,Annabelle,Mrs.
148,Addison,Ms.
149,Isabelle,Mrs.
150,Rose,Ms.
151,Zoey,Mrs.
152,Layla,Ms.
153,Sadie,Mrs.
154,Quinn,Ms.
155,Mackenzie,Mrs.
156,Beatrice,Ms.
157,Jasmine,Mrs.
158,Harper,Ms.
159,Nora,Mrs.
160,Alyssa,Ms.
161,Ivy,Mrs.
162,Eleanor,Ms.
163,Romy,Mrs.
164,Mya,Ms.
165,Juliette,Mrs.
166,Aubrey,Ms.
167,Paisley,Mrs.
168,Natalie,Ms.
169,Alexis,Mrs.
170,Lillian,Ms.
171,Gabrielle,Mrs.
172,Lucy,Ms.
173,Hazel,Mrs.
174,Ruby,Ms.
175,Payton,Mrs.
176,Maeva,Ms.
177,Camille,Mrs.
178,Livia,Ms.
179,Alexandra,Mrs.
180,Penelope,Ms.
181,Piper,Mrs.
182,Georgia,Ms.
183,Sara,Mrs.
184,Everly,Ms.
185,Autumn,Mrs.
186,Naomi,Ms.
187,Samantha,Mrs.
188,Alicia,Ms.
189,Laurence,Mrs.
190,Willow,Ms.
191,Aurora,Mrs.
192,Savannah,Ms.
193,Ariana,Mrs.
194,Maria,Ms.
195,Raphaelle,Mrs.
196,Paige,Ms.
197,Sienna,Mrs.
198,Arianna,Ms.
199,Brielle,Mrs.
200,Lauren,Ms.
