1,3117 Curry Ave,Windsor,N9E 2T2
1,3117 Curry Ave,Windsor,N9E 2T2
2,4573 Lovric Rd,Windsor,N8W 5N1
3,2331 Mercer St,Windsor,N8X 3R3
4,1481 Henry Ford Centre Dr,Windsor,N8Y 2V2
5,1474 Henry Ford Centre Dr,Windsor,N8Y 2T8
6,1941 Arras Ave,Windsor,N8W 1T4
7,3358 Morris Dr,Windsor,N9E 2K2
8,144 Marentette Ave,Windsor,N9A 1Y4
9,1660 Moy Ave,Windsor,N8X 3J9
10,2216 Lamont Ave,Windsor,N9E 4X4
11,1096 Rendezvous Dr,Windsor,N8P 1K6
12,3036 Apple Ln,Windsor,N8R 1K8
13,6698 Tecumseh Rd,Windsor,N8N 1L8
14,342 Shoreview Cir,Windsor,N8P 1M7
15,2288 Vercheres Ave,Windsor,N9B 1P1
16,10640 Springhollow St,Windsor,N8P 1X8
17,754 Victoria Ave,Windsor,N9A 4N2
18,1076 Janisse Dr,Windsor,N8S 2W1
19,2441 Labelle St,Windsor,N9E 4K4
20,9846 Holly Crescent,Windsor,N8R 1Y6
21,1767 Westminster Blvd,Windsor,N8T 1X3
22,3534 Bloomfield Rd,Windsor,N9C 1R7
23,1337 Windermere Rd,Windsor,N8Y 3G1
24,2289 Dougall Ave,Windsor,N8X 1S7
25,2756 California Ave,Windsor,N9E 3K2
26,2831 Lauzon Pkwy,Windsor,N8T 3H5
27,837 Thompson Blvd,Windsor,N8S 2G6
28,1666 Hickory Rd,Windsor,N8Y 3T3
29,940 Arthur Rd,Windsor,N8Y 3Y3
30,976 Felix Ave,Windsor,N9C 3L3
31,1497 Grove Ave,Windsor,N9B 2C7
32,1094 Marion Ave,Windsor,N9A 2J4
33,936 McKay Ave,Windsor,N9B 2A5
34,1250 Lauzon Rd,Windsor,N8S 3M9
35,4565 Pleasant Pl,Windsor,N8Y 2E9
36,1466 Pierre Ave,Windsor,N8X 4P3
37,410 Randolph Ave,Windsor,N9B 2T6
38,4228 Longfellow Ave,Windsor,N9G 2B6
39,1116 Campbell Ave,Windsor,N9B 2J5
40,8346 Enfield Pl,Windsor,N8S 4M9
41,3762 Montcalm St,Windsor,N9C 2A9
42,3779 Montcalm St,Windsor,N9C 2B1
43,1146 Hickory Rd,Windsor,N8Y 3S4
44,3791 Vaughan St,Windsor,N9C 1Z6
45,1994 Francois Rd,Windsor,N8W 1K3
46,1941 Francois Rd,Windsor,N8W 4S9
47,3636 Sandwich St,Windsor,N9C 1B7
48,991 Marion Ave,Windsor,N9A 2J1
49,173 Louis Ave,Windsor,N9A 1V8
50,1052 Lake Laguna Ct,Windsor,N9G 2Y1
51,1359 Dougall Ave,Windsor,N8X 4T1
52,1716 Ford Blvd,Windsor,N8T 2E1
53,4137 Mt Sinai Crescent,Windsor,N9G 2G7
54,2391 California Ave,Windsor,N9E 4P2
55,2423 Randolph Ave,Windsor,N9E 3C8
56,2000 Talbot Rd,Windsor,N9G 3C3
57,5431 Haig Ave,Windsor,N8T 1L1
58,3212 Walker Rd,Windsor,N8W 3R8
59,3257 Walker Rd,Windsor,N8W 3R7
60,7798 Clairview Ave,Windsor,N8S 4P5
61,148 Tecumseh Rd E,Windsor,N8X 3N5
62,2236 Wellesley Ave,Windsor,N8W 2E9
63,444 Kennedy Dr W,Windsor,N9G 1S9
64,2673 Curry Ave,Windsor,N9E 2S6
65,592 John Harvey Crescent,Windsor,N9E 4W1
66,1945 EC Row Ave E,Windsor,N8W 1Y6
67,1454 George Ave,Windsor,N8Y 2Y2
68,343 Laporte Ave,Windsor,N8S 3P9
69,999 Walker Rd,Windsor,N8Y 2N6
70,989 Walker Rd,Windsor,N8Y 2N6
71,3826 Glenfield St,Windsor,N9C 2B2
72,1313 George Ave,Windsor,N8Y 2X8
73,996 Raymo Rd,Windsor,N8Y 4A7
74,1164 Albert Rd,Windsor,N8Y 3P6
75,5570 Clarence Dr,Windsor,N8T 1M6
76,3742 Vaughan St,Windsor,N9C 1Z5
77,3756 Vaughan St,Windsor,N9C 1Z5
78,1785 University Ave W,Windsor,N9B 1C5
79,3572 Randolph Ave,Windsor,N9E 3G2
80,3538 Randolph Ave,Windsor,N9E 3G2
81,1173 Bonadonna Ct,Windsor,N9E 4Y4
82,2964 Everts Ave,Windsor,N9E 2V2
83,612 Edinborough St,Windsor,N8X 3C7
84,4533 Southwood Lakes Blvd,Windsor,N9G 2M3
85,2223 Hall Ave,Windsor,N8W 2L8
86,1734 Aspenshore Ct,Windsor,N8P 1Y3
87,8643 Darlington Crescent,Windsor,N8S 4M5
88,1429 Gladstone Ave,Windsor,N8X 2P9
89,2055 Buckingham Dr,Windsor,N8T 2B2
90,861 Walker Rd,Windsor,N8Y 2N5
91,2033 Argyle Ct,Windsor,N8Y 1T6
92,8613 Darlington Crescent,Windsor,N8S 4M5
93,1368 Pierre Ave,Windsor,N8X 4P1
94,1116 Chilver Rd,Windsor,N8Y 2K9
95,3585 King St,Windsor,N9C 1P4
96,1710 St Luke Rd,Windsor,N8Y 3N6
97,1148 Curry Ave,Windsor,N9B 2C9
98,1538 S Pacific Ave,Windsor,N8X 4Z7
99,831 Stanley St,Windsor,N8X 4K7
100,1716 Northway Ave,Windsor,N9B 3M2
101,2092 Vimy Ave,Windsor,N8W 1P3
102,1913 Everts Ave,Windsor,N9B 3X7
103,1913 Everts Ave,Windsor,N9B 3E6
104,1148 Grand Marais Rd E,Windsor,N8W 1W2
105,1148 Grand Marais Rd W,Windsor,N9E 1C7
106,3028 Rankin Ave,Windsor,N9E 3B6
107,3028 Rankin Ave,Windsor,N9E 3B7
108,1796 Alexis Rd,Windsor,N8Y 4P5
109,1796 Alexis St,Windsor,N8Y 4P2
110,1814 Durham Pl,Windsor,N8W 3A3
111,366 Hanna St E,Windsor,N8X 3R9
112,321 Hanna St E,Windsor,N8X 2R3
113,995 Hall Ave,Windsor,N9A 2M4
114,782 Bridge Ave,Windsor,N9B 2M6
115,784 Windsor Ave,Windsor,N9A 1J9
116,458 Pelissier St,Windsor,N9A 4K9
117,3218 Dougall Ave,Windsor,N9E 1S8
118,581 Wellington Ave,Windsor,N9A 5J3
119,687 Sprucewood Ave,Windsor,N9C 0B3
120,2212 Wellesley Ave,Windsor,N8W 2E9
121,2343 Askin Ave,Windsor,N9E 4Y2
122,275 Marentette Ave,Windsor,N9A 1Y6
123,1751 Labadie Rd,Windsor,N8Y 4H6
124,3426 Cross St,Windsor,N9C 1N3
125,675 Atkinson St,Windsor,N8X 3G9
126,2194 Wyandotte St E,Windsor,N8Y 2L4
127,411 Partington Ave,Windsor,N9B 2N4
128,727 Bridge Ave,Windsor,N9B 2M5
129,1262 Lincoln Rd,Windsor,N8Y 2H8
130,1217 Lincoln Rd,Windsor,N8Y 2H9
131,1080 Campbell Ave,Windsor,N9B 2J3
132,417 Erie St W,Windsor,N9A 6C1
133,1560 Bruce Ave,Windsor,N8X 1X9
134,3857 Vaughan St,Windsor,N9C 1Z6
135,2370 Rankin Ave,Windsor,N9E 3X6
136,1520 Victoria Ave,Windsor,N8X 1P5
137,3487 Byng Rd,Windsor,N8W 3H6
138,2425 Buckingham Dr,Windsor,N8T 2B4
139,1412 Howard Ave,Windsor,N8X 3T3
140,2911 Manfred Ave,Windsor,N8W 5X4
141,1082 Gladstone Ave,Windsor,N9A 2R8
142,2376 Mercer St,Windsor,N8X 3R3
143,1111 Riverside Dr E,Windsor,N9A 5L3
144,1398 Parent Ave,Windsor,N8X 4J3
145,2748 Jos St Louis Ave,Windsor,N8T 2M6
146,1123 Hickory Rd,Windsor,N8Y 3S4
147,833 Silverdale Dr,Windsor,N9G 2V9
148,3415 Mark Ave,Windsor,N9E 2X3
149,1043 Wyandotte St W,Windsor,N9A 5Y6
150,1117 Glidden Ave,Windsor,N8S 2P2
151,1679 Jefferson Blvd,Windsor,N8T 2V6
152,1182 Glidden Ave,Windsor,N8S 2P3
153,1196 Balsamo Ct,Windsor,N9E 4Y5
154,183 Oak St,Windsor,N9A 5E5
155,725 Giles Blvd E,Windsor,N9A 4E5
156,2719 Academy Dr,Windsor,N9E 2G7
157,2889 Bramley Crescent,Windsor,N8W 4X8
158,626 Lake Trail Dr,Windsor,N9G 2M3
159,2420 Turner Rd,Windsor,N8W 3K8
160,2443 Turner Rd,Windsor,N8W 3K9
161,1379 Marentette Ave,Windsor,N8X 4C9
162,2651 Norfolk St,Windsor,N9E 4T7
163,694 Dougall Ave,Windsor,N9A 4P8
164,1958 Westcott Rd,Windsor,N8W 4K4
165,3666 King St,Windsor,N9C 1P5
166,3614 King St,Windsor,N9C 1P5
167,657 Giles Blvd E,Windsor,N9A 4E3
168,1543 Rossini Blvd,Windsor,N8Y 3A1
169,2368 Louis Ave,Windsor,N8W 2B6
170,1333 Bruce Ave,Windsor,N8X 1X2
171,721 Church St,Windsor,N9A 4T5
172,1195 Devonshire Rd,Windsor,N8Y 2M6
173,1195 Devonshire Ct,Windsor,N8Y 1P8
174,2675 Richmond St,Windsor,N8Y 1M1
175,2671 Richmond St,Windsor,N8Y 1M1
176,2222 Everts Ave,Windsor,N9B 3X3
177,2227 Everts Ave,Windsor,N9B 3X3
178,2279 Everts Ave,Windsor,N9B 3W7
179,8495 Clairview Ave,Windsor,N8P 1B1
180,1665 Parent Ave,Windsor,N8X 4J9
181,1618 Pierre Ave,Windsor,N8X 4P7
182,1913 Bernard Rd,Windsor,N8W 4R6
183,1972 Bernard Rd,Windsor,N8W 4R5
184,420 Aylmer Ave,Windsor,N9A 1T6
185,3515 Russell St,Windsor,N9C 1B5
186,324 Laporte Ave,Windsor,N8S 3P8
187,866 Elliott St E,Windsor,N9A 3S7
188,2393 Moy Ave,Windsor,N8W 1R6
189,1082 Buckingham Rd,Windsor,N8S 2E3
190,2479 Westminster Blvd,Windsor,N8T 1X9
191,2380 Fraser Ave,Windsor,N8X 3Z9
192,5022 Colbourne Dr,Windsor,N8T 1T8
193,386 Giles Blvd E,Windsor,N9A 4C4
194,3265 Virginia Park Ave,Windsor,N9E 2C4
195,1929 Francois Rd,Windsor,N8W 4S9
196,2725 Howard Ave,Windsor,N8X 3X4
197,1290 Coventry Ct,Windsor,N8S 2W9
198,433 University Ave W,Windsor,N9A 5R2
199,2496 Buckingham Dr,Windsor,N8T 2B5
200,3387 Sandwich St,Windsor,N9C 1B2
201,360 McKay Ave,Windsor,N9B 1Z6
202,2688 Langlois Ave,Windsor,N8X 4V1
203,3387 Bruce Ave,Windsor,N9E 1W6
204,1155 Windermere Rd,Windsor,N8Y 3E7
205,7728 Clairview Ave,Windsor,N8S 4P5
206,7728 Clairview Ave,Windsor,N8P 1B1
207,1443 Hansen Crescent,Windsor,N8W 5P4
208,816 Chilver Rd,Windsor,N8Y 2K4
209,894 Walker Rd,Windsor,N8Y 2N5
210,1025 Greenpark Blvd,Windsor,N8P 1J5
211,2461 Lloyd George Blvd,Windsor,N8T 2T3
212,2461 George Ave,Windsor,N8W 4M6
213,3892 Dougall Ave,Windsor,N9G 1X3
214,1782 Northway Ave,Windsor,N9B 3M2
215,825 Stanley St,Windsor,N8X 4K7
216,1538 Hall Ave,Windsor,N8X 4R7
217,892 Nova St,Windsor,N9G 2S6
218,2293 Chilver Rd,Windsor,N8W 2V4
219,11025 Leathorne St,Windsor,N8P 1W9
220,720 Elliott St E,Windsor,N9A 3S4
221,1811 Olive Rd,Windsor,N8T 1R3
222,1570 Benjamin Ave,Windsor,N8X 4N4
223,1077 Victoria Ave,Windsor,N9A 4N7
224,1052 Niagara St,Windsor,N9A 3V3
225,2154 Church St,Windsor,N8X 1V7
226,732 Hildegarde St,Windsor,N8X 2Z8
227,758 Tecumseh Rd E,Windsor,N8X 2S1
228,1521 Cherrylawn Crescent,Windsor,N9E 1P6
229,957 Reedmere Rd,Windsor,N8S 2L7
230,1671 Lincoln Rd,Windsor,N8W 2P5
231,976 Reedmere Rd,Windsor,N8S 2L8
232,3289 Walker Rd,Windsor,N8W 3R7
233,1259 Chilver Rd,Windsor,N8Y 2L2
234,540 Lisa Crescent,Windsor,N9G 2M5
235,981 Fairview Blvd,Windsor,N8S 3E6
236,311 McKay Ave,Windsor,N9B 1Z5
237,1254 Lakeview Ave,Windsor,N8P 1K9
238,1459 Westminster Blvd,Windsor,N8T 1W8
239,692 Edinborough St,Windsor,N8X 3C7
240,1059 Dougall Ave,Windsor,N9A 4R6
241,3683 Bliss Rd,Windsor,N8W 3C1
242,924 Parent Ave,Windsor,N9A 2E3
243,3031 Seminole St,Windsor,N8Y 4P2
244,1438 Dougall Ave,Windsor,N8X 1R8
245,931 Cataraqui St,Windsor,N9A 3P7
246,1698 Pillette Rd,Windsor,N8Y 3C5
247,955 Cataraqui St,Windsor,N9A 3P7
248,1981 Bernard Rd,Windsor,N8W 4R6
249,3699 Girardot Ave,Windsor,N9C 1W6
250,734 Ouellette Ave,Windsor,N9A 1C3
251,1473 Westminster Blvd,Windsor,N8T 1W8
252,845 Moy Ave,Windsor,N9A 2N7
253,1540 Chappell Ave,Windsor,N9C 3E4
254,1225 Parkview Ave,Windsor,N8S 2X8
255,872 Albert Rd,Windsor,N8Y 1V2
256,915 Parent Ave,Windsor,N9A 2E2
257,1071 Lens Ave,Windsor,N8W 2E3
258,1188 Jarvis Ave,Windsor,N8P 1C9
259,1087 Hickory Rd,Windsor,N8Y 3S2
260,3349 Parkwood Ave,Windsor,N8W 2K9
261,2213 Trappers Ave,Windsor,N8P 1T3
262,1539 Morningstar Ave,Windsor,N8P 1R1
263,1241 Bruce Ave,Windsor,N8X 1X2
264,1280 Bruce Ave,Windsor,N8X 1X3
265,1272 Dot Ave,Windsor,N9C 3J1
266,2912 Academy Dr,Windsor,N9E 2H1
267,3949 Acorn Crescent,Windsor,N8W 5R4
268,3072 Downing St,Windsor,N8T 2P3
269,1015 Niagara St,Windsor,N9A 3V3
270,4221 Tumbleweed Crescent,Windsor,N9G 3B8
271,1774 Hickory Rd,Windsor,N8Y 3T5
272,1546 Lincoln Rd,Windsor,N8Y 2J4
273,814 Laporte Ave,Windsor,N8S 3R3
274,1357 Rendezvous Dr,Windsor,N8P 1K7
275,1118 Victoria Ave,Windsor,N9A 4N8
276,165 Erie St E,Windsor,N9A 3W9
277,4123 Longfellow Ave,Windsor,N9G 2B5
278,1468 Dougall Ave,Windsor,N8X 1R8
279,3374 Walker Rd,Windsor,N8W 3S1
280,2482 Chandler Rd,Windsor,N8W 4A8
281,554 Erie St E,Windsor,N9A 3X8
282,1048 Oak St,Windsor,N9A 5G4
283,1016 Oak St,Windsor,N9A 5G4
284,992 St Louis Ave,Windsor,N8S 2K7
285,4382 Pleasant Pl,Windsor,N8Y 2G1
286,1033 Niagara St,Windsor,N9A 3V3
287,1050 Hall Ave,Windsor,N9A 2M7
288,934 Gladstone Ave,Windsor,N9A 2R6
289,170 Riverside Dr W,Windsor,N9A 5K3
290,2534 Chandler Rd,Windsor,N8W 4B1
291,1366 Gladstone Ave,Windsor,N8X 1L8
292,6435 Thornberry Crescent,Windsor,N8T 3A2
293,2288 Louis Ave,Windsor,N8X 4C3
294,1673 Factoria Rd,Windsor,N8Y 2P1
295,1531 Dougall Ave,Windsor,N8X 1S2
296,2411 Princess Ave,Windsor,N8T 1V2
297,1031 Pierre Ave,Windsor,N9A 2L1
298,1967 Pillette Rd,Windsor,N8T 1P4
299,3957 Borrelli Dr,Windsor,N9G 2H9
300,1096 Pierre Ave,Windsor,N9A 2L2
301,1685 Church St,Windsor,N9E 1T9
302,1978 Ford Blvd,Windsor,N8T 2E5
303,1243 Laurendeau Ave,Windsor,N8Y 4B6
304,1465 Grand Marais Rd E,Windsor,N8W 1W3
305,1465 Grand Marais Rd W,Windsor,N9E 4L1
306,230 Sterling Crescent,Windsor,N8Y 3T7
307,3063 Fairlane Crescent,Windsor,N8W 4Y5
308,989 Reedmere Rd,Windsor,N8S 2L7
309,237 Chilver Rd,Windsor,N8Y 2J5
310,3148 Dougall Ave,Windsor,N9E 1S5
311,4341 Walker Rd,Windsor,N8W 3T6
312,1439 Dougall Ave,Windsor,N8X 1R9
313,2249 Turner Rd,Windsor,N8W 3K4
314,3516 Charlevoix Ave,Windsor,N9E 3B3
315,1253 Westcott Rd,Windsor,N8Y 4B9
316,3689 Byng Rd,Windsor,N8W 3J1
317,3634 Byng Rd,Windsor,N8W 3H9
318,553 Isack Dr,Windsor,N8S 3W4
319,524 Brock St,Windsor,N9C 2T2
320,2364 Chandler Rd,Windsor,N8W 4A6
321,1511 Langlois Ave,Windsor,N8X 4M3
322,1711 Westminster Blvd,Windsor,N8T 1X2
323,272 McKay Ave,Windsor,N9B 1Z4
324,3052 Sandwich St,Windsor,N9C 1A4
325,1047 Chilver Rd,Windsor,N8Y 2K6
326,1061 Windermere Rd,Windsor,N8Y 3E5
327,955 Windermere Rd,Windsor,N8Y 3E5
328,2347 Moy Ave,Windsor,N8W 2M9
329,1141 Jefferson Blvd,Windsor,N8S 2R2
330,1035 Scofield Ave,Windsor,N9G 1L6
331,1414 Gladstone Ave,Windsor,N8X 1L8
332,1798 Southdale Dr,Windsor,N8W 4W8
333,1798 Southdale Ct,Windsor,N8W 5E3
334,423 Christopher Dr,Windsor,N8S 3X1
335,1719 Chandler Rd,Windsor,N8Y 4R1
336,1552 Hall Ave,Windsor,N8X 4R7
337,922 Bruce Ave,Windsor,N9A 4X7
338,139 Oak St,Windsor,N9A 5E5
339,969 St Marys Blvd,Windsor,N8S 2V1
340,1374 Darlington Ct,Windsor,N8S 4M1
341,387 Giles Blvd E,Windsor,N9A 4C5
342,782 Dougall Ave,Windsor,N9A 4P8
343,483 Logan Ave,Windsor,N8X 3V4
344,1150 Monmouth Rd,Windsor,N8Y 3L9
345,4480 Wyandotte St E,Windsor,N8Y 1H1
346,4439 Wyandotte St E,Windsor,N8Y 1H3
347,1042 Goyeau St,Windsor,N9A 1H9
348,1637 Highland Ave,Windsor,N8X 3R9
349,2765 Clemenceau Blvd,Windsor,N8T 2P9
350,1275 Lincoln Rd,Windsor,N8Y 2H9
351,1298 Lincoln Rd,Windsor,N8Y 2H8
352,516 Pelissier St,Windsor,N9A 4L1
353,1933 Northway Ave,Windsor,N9B 0A3
354,1350 Tourangeau Rd,Windsor,N8Y 4H9
355,8220 Gregory Pl,Windsor,N8S 4N4
356,666 Josephine Ave,Windsor,N9B 2L3
357,767 Victoria Ave,Windsor,N9A 4N3
358,1369 Langlois Ave,Windsor,N8X 4L8
359,2131 Daytona Ave,Windsor,N9E 4T8
360,2699 Kenora St,Windsor,N9B 3W2
361,2017 Daytona Ave,Windsor,N9E 4T8
362,2014 Daytona Ave,Windsor,N9B 3V7
363,1944 Daytona Ave,Windsor,N9B 3V7
364,1980 Daytona Ave,Windsor,N9B 3V7
365,1851 Daytona Ave,Windsor,N9E 4T8
366,1717 Daytona Ave,Windsor,N9E 4T8
367,5252 Queen Elizabeth Dr,Windsor,N8T 1N3
368,1833 Larkin Rd,Windsor,N8W 4G7
369,924 Church St,Windsor,N9A 4T9
370,988 Bruce Ave,Windsor,N9A 4X7
371,619 Church St,Windsor,N9A 5X5
372,699 Church St,Windsor,N9A 4T5
373,696 Church St,Windsor,N9A 4T4
374,1294 Enfield Ct,Windsor,N8S 4N1
375,1548 Grand Marais Rd E,Windsor,N8W 1W2
376,1548 Grand Marais Rd W,Windsor,N9E 4L1
377,534 Partington Ave,Windsor,N9B 2N5
378,918 St Marys Blvd,Windsor,N8S 2V2
379,1735 Chandler Rd,Windsor,N8Y 4R1
380,3534 Turner Rd,Windsor,N8W 3M8
381,1047 Rankin Ave,Windsor,N9B 2S2
382,2476 Radcliff Ave,Windsor,N8P 1V5
383,3024 Peace Ct,Windsor,N8T 2J4
384,3060 Peace Ct,Windsor,N8T 2J4
385,4761 Shadetree Ct,Windsor,N9G 2T9
386,1340 Victoria Ave,Windsor,N8X 1P1
387,1411 Dougall Ave,Windsor,N8X 1R7
388,814 St Paul Ave,Windsor,N8S 1S8
389,588 Riverside Dr E,Windsor,N9A 2T1
390,588 Riverside Dr W,Windsor,N9A 7C3
391,1243 Lincoln Rd,Windsor,N8Y 2H9
392,7136 St Rose Ave,Windsor,N8S 1X7
393,576 Ouellette Ave,Windsor,N9A 1B7
394,1279 Aubin Rd,Windsor,N8Y 4E4
395,2939 Askin Ave,Windsor,N9E 3J1
396,2612 Lauzon Rd,Windsor,N8T 2Z5
397,221 Belleview Ave,Windsor,N8Y 1A5
398,1789 Olive Rd,Windsor,N8Y 4M9
399,146 Elm Ave,Windsor,N9A 5G8
400,1195 Heathfield Ct,Windsor,N8S 4N9
401,1290 Aire Pl,Windsor,N8S 4E4
402,595 Chippawa St,Windsor,N9C 2W2
403,2953 Turner Rd,Windsor,N8W 3L6
404,3462 Bloomfield Rd,Windsor,N9C 1R6
405,1361 Riverside Dr E,Windsor,N9A 2T8
406,287 Belleperche Pl,Windsor,N8S 3B6
407,1593 Victoria Ave,Windsor,N8X 1P4
408,4379 Riverside Dr E,Windsor,N8Y 1B7
409,1879 Pillette Rd,Windsor,N8T 1P2
410,1392 Janette Ave,Windsor,N8X 1Y8
411,1311 Janette Ave,Windsor,N8X 1Y7
412,3446 Cross St,Windsor,N9C 1N3
413,2485 Maitland Ave,Windsor,N8P 1Y8
414,2689 George Ave,Windsor,N8W 4M8
415,3146 Mulberry Ct,Windsor,N8R 2A4
416,1717 Albert Rd,Windsor,N8Y 3R6
417,2447 Radcliff Ave,Windsor,N8P 1V5
418,9317 Beachdale Rd,Windsor,N8R 1S4
419,3155 Randolph Ave,Windsor,N9E 3E5
420,3187 Randolph Ave,Windsor,N9E 3E5
421,1886 Iroquois St,Windsor,N8Y 1S2
422,9492 Ashland Dr,Windsor,N8R 1W3
423,1315 McKay Ave,Windsor,N9B 2B1
424,1880 Fuller Crescent,Windsor,N8W 5S2
425,1539 Grand Marais Rd E,Windsor,N8W 1W3
426,1539 Grand Marais Rd W,Windsor,N9E 4L1
427,494 Laporte Ave,Windsor,N8S 3R2
428,1361 Parent Ave,Windsor,N8X 4J3
429,3695 Shinglecreek Ct,Windsor,N8W 5T7
430,361 Chippawa St,Windsor,N9C 2V6
431,837 Argyle Rd,Windsor,N8Y 3K1
432,1784 Curry Ave,Windsor,N9B 3N9
433,1051 Dougall Ave,Windsor,N9A 4R6
434,3896 Hillcrest Blvd,Windsor,N9C 2E3
435,1566 Gladstone Ave,Windsor,N8X 2R1
436,185 Montrose St,Windsor,N8X 1P1
437,1786 Factoria Rd,Windsor,N8Y 4R3
438,916 Gladstone Ave,Windsor,N9A 2R6
439,1045 Moy Ave,Windsor,N9A 2P2
440,1515 York St,Windsor,N8X 1W5
441,1685 Central Ave,Windsor,N8Y 3V9
442,3939 Mt Royal Dr,Windsor,N9G 1C3
443,1496 Ottawa St,Windsor,N8X 2G1
444,3682 Wilcox Ave,Windsor,N9E 1J7
445,289 Jefferson Blvd,Windsor,N8S 2P5
446,247 Orchard Grove,Windsor,N8S 2P4
447,2540 Chandler Rd,Windsor,N8W 4B1
448,3767 Rosemount Ave,Windsor,N9C 2E6
449,2542 St Patricks Ave,Windsor,N9E 3G6
450,2583 St Patricks Ave,Windsor,N9E 3G5
451,3825 Connaught Ave,Windsor,N9C 2C2
452,1334 Cottage Pl,Windsor,N8S 4H6
453,1037 Westchester Dr,Windsor,N8S 3Z1
454,329 Chilver Rd,Windsor,N8Y 2J5
455,1010 Church St,Windsor,N9A 4V2
456,1913 Ford Blvd,Windsor,N8T 2E4
457,1343 Labadie Rd,Windsor,N8Y 4G9
458,1219 Labadie Rd,Windsor,N8Y 4G8
459,1531 University Ave W,Windsor,N9B 1C1
460,1770 Southdale Ct,Windsor,N8W 5E3
461,1770 Southdale Dr,Windsor,N8W 4W8
462,1869 Westcott Rd,Windsor,N8W 4K3
463,2932 Clemenceau Blvd,Windsor,N8T 2R1
464,1855 Westcott Rd,Windsor,N8W 4K3
465,1359 Redwood Ave,Windsor,N9C 3P1
466,386 Askin Ave,Windsor,N9B 2X2
467,1453 Lauzon Rd,Windsor,N8S 3N2
468,3398 Rankin Ave,Windsor,N9E 3B6
469,3398 Rankin Ave,Windsor,N9E 3C3
470,3372 Curry Ave,Windsor,N9E 2T5
471,1748 Central Ave,Windsor,N8Y 3W2
472,592 Crawford Ave,Windsor,N9A 5C4
473,1854 Hall Ave,Windsor,N8W 2L4
474,2838 Howard Ave,Windsor,N8X 3Y4
475,1541 York St,Windsor,N8X 1W5
476,1078 Parent Ave,Windsor,N9A 2E5
477,1083 Jarvis Ave,Windsor,N8P 1C8
478,272 Belleview Ave,Windsor,N8Y 1A5
479,685 Windermere Rd,Windsor,N8Y 3E2
480,856 St Marys Blvd,Windsor,N8S 2T8
481,289 Pratt Pl,Windsor,N8Y 2V9
482,1082 Dawson Rd,Windsor,N8Y 4A4
483,1633 Randolph Ave,Windsor,N9B 2V7
484,2486 Rivard Ave,Windsor,N8T 2H2
485,1746 Vicky Cir,Windsor,N8W 5P7
486,1327 Bridge Ave,Windsor,N9B 2N2
487,934 Prado Pl,Windsor,N8S 2H5
488,183 Wyandotte St E,Windsor,N9A 3H3
489,183 Wyandotte St W,Windsor,N9A 5W6
490,1510 Gladstone Ave,Windsor,N8X 2R1
491,1542 Labadie Rd,Windsor,N8Y 4H4
492,3036 Church St,Windsor,N9E 1T8
493,3057 Church St,Windsor,N9E 1T9
494,2232 Highland Ave,Windsor,N8X 3S4
495,370 Oak St,Windsor,N9A 5E6
496,891 Brant St,Windsor,N9A 3G2
497,2411 Clemenceau Blvd,Windsor,N8T 2P4
498,1984 Aubin Rd,Windsor,N8W 1J2
499,2439 Clemenceau Blvd,Windsor,N8T 2P4
500,1042 California Ave,Windsor,N9B 2Z7
501,1146 Bruce Ave,Windsor,N9E 1R8
502,1130 Janette Ave,Windsor,N9A 5A5
503,1634 Highland Ave,Windsor,N8X 3S1
504,1660 Highland Ave,Windsor,N8X 3S1
505,2386 Lillian Ave,Windsor,N8X 4A8
506,2386 Lillian Ave,Windsor,N8X 3E6
507,2386 Lillian Ave,Windsor,N8X 4B3
508,4269 Grand Marais Rd E,Windsor,N8W 1X2
509,4269 Grand Marais Rd W,Windsor,N9E 1G4
510,944 Hall Ave,Windsor,N9A 2M5
511,3310 Church St,Windsor,N9E 1V4
512,1472 Wyandotte St E,Windsor,N9A 3K9
513,1472 Wyandotte St W,Windsor,N9B 1H4
514,388 Moy Ave,Windsor,N9A 2N2
515,1036 Church St,Windsor,N9A 4V2
516,315 Moy Ave,Windsor,N9A 2N1
517,888 Elm Ave,Windsor,N9A 5H3
518,2299 Longfellow Ave,Windsor,N9B 3J7
519,2317 Northway Ave,Windsor,N9E 4N6
520,1045 Pelissier St,Windsor,N9A 4L8
521,2552 Turner Rd,Windsor,N8W 3L1
522,3439 Peter St,Windsor,N9C 1J4
523,871 Rossini Blvd,Windsor,N8Y 2Z2
524,1557 Buckingham Dr,Windsor,N8T 2A3
525,1533 Buckingham Dr,Windsor,N8T 2A3
526,1192 Villaire Ave,Windsor,N8S 2J9
527,3866 Malden Rd,Windsor,N9C 2L6
528,5575 Baldwin Ave,Windsor,N8T 1L7
529,1349 Dufferin Pl,Windsor,N8X 3K2
530,1165 Lakeview Ave,Windsor,N8P 1K8
531,3440 Harris St,Windsor,N9C 1N5
532,445 John M St,Windsor,N8P 1C2
533,445 St John St,Windsor,N8S 3T8
534,1512 Marentette Ave,Windsor,N8X 4E3
535,743 Aylmer Ave,Windsor,N9A 1V2
536,1440 Wyandotte St E,Windsor,N9A 3K9
537,1440 Wyandotte St W,Windsor,N9B 1H4
538,1413 Wyandotte St E,Windsor,N9A 3L1
539,1554 College Ave,Windsor,N9B 1M1
540,3694 Sandwich St,Windsor,N9C 1B7
541,3276 Longfellow Ave,Windsor,N9E 2L6
542,464 St Paul Ave,Windsor,N8S 3L2
543,2136 Secord Ave,Windsor,N9B 1T1
544,3351 Bliss Rd,Windsor,N8W 3B4
545,1745 Northway Ave,Windsor,N9B 3M1
546,213 Gladstone Ave,Windsor,N9A 2P6
547,2871 Mangin Crescent,Windsor,N9E 4K8
548,3511 Pineview Crescent,Windsor,N8R 2A6
549,974 Reedmere Rd,Windsor,N8S 2L8
550,1897 Daytona Ave,Windsor,N9E 4T8
551,363 St John St,Windsor,N8S 3T6
552,2150 Girardot Ave,Windsor,N9B 1R2
553,973 Bellagio Dr,Windsor,N8P 1J7
554,4147 Roseland Dr E,Windsor,N9G 1Y5
555,1445 Aspenshore Dr,Windsor,N8P 1Y3
556,3539 King St,Windsor,N9C 1P4
557,1056 Assumption St,Windsor,N9A 3C4
558,1623 Riverside Dr E,Windsor,N8Y 1A1
559,1054 Lena Ave,Windsor,N9C 3K4
560,2544 Dandurand Blvd,Windsor,N9E 2C9
561,9011 Menard St,Windsor,N8S 1W5
562,396 Rankin Ave,Windsor,N9B 2R7
563,1513 Tecumseh Rd E,Windsor,N8W 1C3
564,1513 Tecumseh Rd W,Windsor,N9B 1T9
565,697 Langlois Ave,Windsor,N9A 2G5
566,2334 California Ave,Windsor,N9E 4P2
567,1355 Benjamin Ave,Windsor,N8X 4M8
568,1259 Elsmere Ave,Windsor,N8X 4G6
569,986 Rankin Ave,Windsor,N9B 2S3
570,986 Marion Ave,Windsor,N9A 2J2
571,3640 Wildwood Dr,Windsor,N8R 2C8
572,1430 Benjamin Ave,Windsor,N8X 4N1
573,253 Josephine Ave,Windsor,N9B 2K7
574,1134 Highland Ave,Windsor,N9A 1R7
575,1877 Moy Ave,Windsor,N8W 2M3
576,2232 Mark Ave,Windsor,N9B 3X3
577,3273 Milano Ct,Windsor,N8R 2K1
578,9784 Ridge Rd,Windsor,N8R 1G6
579,1820 Arthur Rd,Windsor,N8W 4V3
580,3479 Harris St,Windsor,N9C 1N6
581,3270 Dandurand Blvd,Windsor,N9E 2E8
582,664 Alexandrine St,Windsor,N8X 3B9
583,2769 Lloyd George Blvd,Windsor,N8T 2T8
584,3484 Sandwich St,Windsor,N9C 1B3
585,1627 Drouillard Rd,Windsor,N8Y 2S4
586,1881 Glendale Ave,Windsor,N8T 2N3
587,3487 Sandwich St,Windsor,N9C 1B4
588,1057 Brock St,Windsor,N9C 2T9
589,3445 Sandwich St,Windsor,N9C 1B4
590,3486 Wilkinson Ln,Windsor,N9C 1N1
591,1542 Parent Ave,Windsor,N8X 4J7
592,941 Buckingham Rd,Windsor,N8S 2C9
593,1368 Harrison St,Windsor,N9H 2C1
594,871 Janette Ave,Windsor,N9A 5A2
595,588 Victoria Ave,Windsor,N9A 4N1
596,2391 Tourangeau Rd,Windsor,N8W 4N5
597,1331 Victoria Ave,Windsor,N8X 1N9
598,1592 Everts Ave,Windsor,N9B 3E5
599,1140 Esdras Pl,Windsor,N8S 2N4
600,1846 Chilver Rd,Windsor,N8W 2T8
601,1385 Prince Rd,Windsor,N9C 3A6
602,813 Prado Pl,Windsor,N8S 2H3
603,2151 Dougall Ave,Windsor,N8X 1S5
604,1484 Langlois Ave,Windsor,N8X 4M1
605,3830 Zanzibar Ct,Windsor,N9G 0A4
606,350 City Hall Square W,Windsor,N9A 7K6
607,952 Banwell Rd,Windsor,N8P 1J2
608,766 Elliott St E,Windsor,N9A 3S4
609,2639 Chick Ct,Windsor,N9E 4P1
610,3269 Sandwich St,Windsor,N9C 1A9
611,1342 Armanda St,Windsor,N9C 3W9
612,1241 Windermere Rd,Windsor,N8Y 3E9
613,417 McKay Ave,Windsor,N9B 1Z7
614,441 McKay Ave,Windsor,N9B 1Z7
615,1097 Dougall Ave,Windsor,N9A 4R6
616,1896 Jefferson Blvd,Windsor,N8T 2S8
617,1150 Greenpark Blvd,Windsor,N8P 1J4
618,1990 Jefferson Blvd,Windsor,N8T 2W2
619,441 Aylmer Ave,Windsor,N9A 1T5
620,491 Glengarry Ave,Windsor,N9A 1P9
621,1492 Erie St E,Windsor,N9A 3Z9
622,3248 Walker Rd,Windsor,N8W 3R8
623,736 Monmouth Rd,Windsor,N8Y 3L2
624,3016 Peace Ct,Windsor,N8T 2J4
625,2388 Rossini Blvd,Windsor,N8W 4P8
626,319 Askin Ave,Windsor,N9B 2X1
627,1663 Betts Ave,Windsor,N9B 3L4
628,655 Bensette St,Windsor,N8X 2Y8
629,4769 Whitefish Crescent,Windsor,N9G 3E2
630,2238 Moy Ave,Windsor,N8W 2M6
631,951 Windsor Ave,Windsor,N9A 1K1
632,3274 Rockwell Blvd,Windsor,N9E 2A7
633,1132 Mercer St,Windsor,N9A 1N9
634,2270 Dougall Ave,Windsor,N8X 1S8
635,348 Elm Ave,Windsor,N9A 5H1
636,348 Elm Grove Dr,Windsor,N8N 3S4
637,999 Wellington Ave,Windsor,N9A 5K2
638,488 Elliott St E,Windsor,N9A 3R9
639,488 Elliott St W,Windsor,N9A 4X2
640,936 Bridge Ave,Windsor,N9B 2N1
641,2134 Marentette Ave,Windsor,N8X 4G1
642,2134 Marentette Ave,Windsor,N8X 4E7
643,460 Elliott St E,Windsor,N9A 3R9
644,2161 Kildare Rd,Windsor,N8W 2W9
645,2333 Clover Ave,Windsor,N8P 1N3
646,246 Campbell Ave,Windsor,N9B 2H2
647,3451 Woodlawn Ave,Windsor,N8W 2J4
648,3451 Woodlawn Ave,Windsor,N8W 1R3
649,2253 Marentette Ave,Windsor,N8X 4E7
650,2311 Youngstown St,Windsor,N9E 4L6
651,1447 Howard Ave,Windsor,N8X 5C9
652,1635 Chateau Ave,Windsor,N8P 1M4
653,1651 Martindale St,Windsor,N9B 1G7
654,1967 Bernard Rd,Windsor,N8W 4R6
655,1247 High St,Windsor,N8Y 4B1
656,1291 Elm Ave,Windsor,N8X 2B6
657,2245 Wellesley Ave,Windsor,N8W 2G1
658,2336 Wellesley Ave,Windsor,N8W 2G2
659,11725 Tecumseh Rd E,Windsor,N8N 1L8
660,2186 Wyandotte St E,Windsor,N8Y 2L4
661,2186 Wyandotte St W,Windsor,N9B 1J9
662,963 Eastlawn Ave,Windsor,N8S 3H8
663,615 Indian Rd,Windsor,N9C 2M7
664,1255 Devonshire Ct,Windsor,N8Y 1P8
665,1354 Hansen Crescent,Windsor,N8W 5M5
666,1691 Dobrich St,Windsor,N9B 3W8
667,2227 Victoria Ave,Windsor,N8X 1R2
668,1093 Felix Ave,Windsor,N9C 3L5
669,1085 Felix Ave,Windsor,N9C 3L5
670,1626 Ford Blvd,Windsor,N8T 2E1
671,1358 Tecumseh Rd W,Windsor,N9B 1T5
672,1529 Church St,Windsor,N8X 1V4
673,1117 Monmouth Rd,Windsor,N8Y 3L9
674,1842 Lincoln Rd,Windsor,N8W 2P6
675,2120 Secord Ave,Windsor,N9B 1T1
676,3089 Suffolk St,Windsor,N8R 1P1
677,1682 Taylor Ave,Windsor,N9B 1R6
678,5186 Riverside Dr W,Windsor,N9C 1A2
679,578 Crawford Ave,Windsor,N9A 5C4
680,2298 Byng Rd,Windsor,N8W 3E3
681,2526 Clemenceau Blvd,Windsor,N8T 2P5
682,2525 Turner Rd,Windsor,N8W 3L2
683,4355 Wyandotte St E,Windsor,N8Y 1H3
684,1878 Westcott Rd,Windsor,N8W 4K2
685,993 Partington Ave,Windsor,N9B 2P1
686,446 McKay Ave,Windsor,N9B 1Z8
687,475 McKay Ave,Windsor,N9B 1Z7
688,476 McKay Ave,Windsor,N9B 1Z8
689,469 Curry Ave,Windsor,N9B 2B8
690,462 Curry Ave,Windsor,N9B 1Z8
691,465 Curry Ave,Windsor,N9B 2B8
692,1857 Francois Rd,Windsor,N8W 4S6
693,1269 Felix Ave,Windsor,N9C 3L6
694,1174 Lillian Ave,Windsor,N9A 1V7
695,3125 Girardot Ave,Windsor,N9C 1W6
696,3684 Queen St,Windsor,N9C 1P2
697,1915 Northway Ave,Windsor,N9B 3V7
698,2363 Union St,Windsor,N9B 3T3
699,9573 Tecumseh Rd E,Windsor,N8R 1A5
700,3851 Montcalm St,Windsor,N9C 2B1
701,489 McKay Ave,Windsor,N9B 1Z7
702,410 Logan Ave,Windsor,N8X 2V4
703,431 Logan Ave,Windsor,N8X 2V3
704,261 Campbell Ave,Windsor,N9B 2H1
705,3597 Caribou Crescent,Windsor,N8W 5T2
706,3821 Aristotle Ct,Windsor,N9G 2P1
707,9835 Ridge Rd,Windsor,N8R 1G5
708,1444 Blairwood Crescent,Windsor,N8W 5M6
709,2835 Howard Ave,Windsor,N8X 3Y4
710,717 Victoria Ave,Windsor,N9A 4N3
711,2140 Forest Ave,Windsor,N8W 2G5
712,585 Grove Ave,Windsor,N9A 6G5
713,471 Askin Ave,Windsor,N9B 2X3
714,1099 Coventry Ct,Windsor,N8S 2W6
715,3041 Grandview St,Windsor,N8T 2L8
716,3564 Sandwich St,Windsor,N9C 1B5
717,3372 Rankin Ave,Windsor,N9E 3B6
718,1845 Westcott Rd,Windsor,N8W 4K3
719,1320 Hansen Crescent,Windsor,N8W 5M8
720,2128 Dominion Blvd,Windsor,N9B 3H9
721,8550 Riverside Dr E,Windsor,N8S 1E9
722,1170 Jefferson Blvd,Windsor,N8S 2R4
723,1044 Janisse Dr,Windsor,N8S 2W1
724,2783 Tourangeau Rd,Windsor,N8W 5M2
725,2115 Secord Ave,Windsor,N9B 1T2
726,416 St John St,Windsor,N8S 3T7
727,1442 Seneca St,Windsor,N8W 2N2
728,4146 Dimambro Ct,Windsor,N9G 2V2
729,2556 Jos St Louis Ave,Windsor,N8T 2M5
730,230 Walker Rd,Windsor,N8W 1S9
731,2157 Secord Ave,Windsor,N9B 1T2
732,2554 Rossini Blvd,Windsor,N8W 4R3
733,1543 Ford Blvd,Windsor,N8T 2C7
734,1613 Factoria Rd,Windsor,N8Y 2P1
735,4121 Mt Sinai Crescent,Windsor,N9G 2G7
736,4673 Shadetree Crescent,Windsor,N9G 2P8
737,1493 Ouellette Ave,Windsor,N8X 1K1
738,2277 Parent Ave,Windsor,N8W 2E4
739,1340 Langlois Ave,Windsor,N8X 4L7
740,11525 Palmetto St,Windsor,N8N 0A7
741,1378 Shepherd St E,Windsor,N8X 2M3
742,1264 Gladstone Ave,Windsor,N8X 3H3
743,1651 Rossini Blvd,Windsor,N8W 4P6
744,1651 Rossini Blvd,Windsor,N8Y 3A2
745,775 Dougall Ave,Windsor,N9A 4P9
746,369 Randolph Ave,Windsor,N9B 2T4
747,933 California Ave,Windsor,N9B 2Z5
748,1194 Reedmere Rd,Windsor,N8S 2M3
749,2311 Meldrum Rd,Windsor,N8W 4E6
750,1593 Hickory Rd,Windsor,N8Y 3S9
751,3673 Queen St,Windsor,N9C 1P1
752,3528 Bliss Rd,Windsor,N8W 3B7
753,944 Marion Ave,Windsor,N9A 2J2
754,3699 Barrymore Ln,Windsor,N9C 2Z7
755,1442 St Patricks Ave,Windsor,N9B 3K4
756,3344 Sandwich St,Windsor,N9C 1B1
757,7271 Tranby Ave,Windsor,N8S 4J5
758,6952 Wyandotte St E,Windsor,N8S 1X1
759,2462 Everts Ave,Windsor,N9E 2T7
760,662 Argyle Rd,Windsor,N8Y 3J6
761,1272 Chilver Rd,Windsor,N8Y 2L1
762,1130 Esdras Pl,Windsor,N8S 2N4
763,1264 Parkview Ave,Windsor,N8S 2Y1
764,1249 Albert Rd,Windsor,N8Y 3P8
765,2332 Randolph Ave,Windsor,N9E 3X4
766,734 Niagara St,Windsor,N9A 1X7
767,2533 Jefferson Blvd,Windsor,N8T 2W5
768,8121 Little River Rd,Windsor,N8S 4P1
769,616 Vanier St,Windsor,N8X 3E3
770,2979 Northway Ave,Windsor,N9E 4J9
771,876 Jefferson Blvd,Windsor,N8S 2P8
772,895 Marentette Ave,Windsor,N9A 1Z9
773,1986 University Ave W,Windsor,N9B 1C8
774,1423 Lauzon Rd,Windsor,N8S 3N2
775,3529 Glenwood Ave,Windsor,N9E 2Y6
776,1547 Inverness Ave,Windsor,N8P 1Z2
777,4430 Hunt Club Crescent,Windsor,N9G 2P6
778,1032 Wyandotte St E,Windsor,N9A 3K2
779,1032 Wyandotte St W,Windsor,N9A 5Y4
780,694 Josephine Ave,Windsor,N9B 2L3
781,964 Elsmere Ave,Windsor,N9A 2A9
782,1431 Wyandotte St E,Windsor,N9A 3L1
783,2685 Parent Ave,Windsor,N8X 4K7
784,575 Dougall Ave,Windsor,N9A 4P6
785,1330 Elm Ave,Windsor,N8X 2B8
786,1575 Lillian Ave,Windsor,N8X 4A9
787,10463 Pulbrook Rd,Windsor,N8R 1C2
788,9076 Baseline Rd,Windsor,N0R 1K0
789,1896 Central Ave,Windsor,N8W 4H7
790,7776 Tranby Ave,Windsor,N8S 4T2
791,2412 Everts Ave,Windsor,N9E 2T7
792,2412 Everts Ave,Windsor,N9B 3E7
793,991 Erie St E,Windsor,N9A 3Y9
794,834 Jos Janisse Ave,Windsor,N8Y 3A8
795,1826 Tourangeau Rd,Windsor,N8W 4N1
796,1083 Grand Marais Rd E,Windsor,N8W 1W3
797,486 Lauzon Rd,Windsor,N8S 3M3
798,2563 Chilver Rd,Windsor,N8W 2W1
799,3415 Bloomfield Rd,Windsor,N9C 1R6
800,1651 Northway Ave,Windsor,N9B 3L8
801,1631 Daytona Ave,Windsor,N9E 4T8
802,1075 Langlois Ave,Windsor,N9A 2H4
803,1411 St Luke Rd,Windsor,N8Y 1X3
804,1698 Buckingham Dr,Windsor,N8T 2A6
805,256 California Ave,Windsor,N9B 1E7
806,2547 McDougall St,Windsor,N8X 2X8
807,2739 Totten St,Windsor,N9B 3L8
808,1031 Lincoln Rd,Windsor,N8Y 2H5
809,991 Louis Ave,Windsor,N9A 1X8
810,3623 Mulford Ct,Windsor,N9C 1W8
811,1451 Provincial Rd,Windsor,N8W 5V8
812,685 Oak St,Windsor,N9A 5E7
813,729 Partington Ave,Windsor,N9B 2N6
814,1149 Ottawa St,Windsor,N8X 2E4
815,2087 Willistead Crescent,Windsor,N8Y 1K5
816,3532 Wolfe Ct,Windsor,N9C 1X2
817,1150 Provincial Rd,Windsor,N8W 5W2
818,1857 Lincoln Rd,Windsor,N8W 2P6
819,2024 Ford Blvd,Windsor,N8T 2E7
820,993 Windermere Rd,Windsor,N8Y 3E5
821,1850 Tourangeau Rd,Windsor,N8W 4N1
822,10395 Fiesta Ct,Windsor,N8R 2K3
823,2381 Chandler Rd,Windsor,N8W 4A6
824,1829 Drouillard Rd,Windsor,N8W 3X4
825,836 Howard Ave,Windsor,N9A 1R9
826,412 McKay Ave,Windsor,N9B 1Z8
827,420 McKay Ave,Windsor,N9B 1Z8
828,1064 Bruce Ave,Windsor,N9A 4X9
829,594 Erie St E,Windsor,N9A 3X8
830,594 Erie St W,Windsor,N9A 6C3
831,2640 Gem Ave,Windsor,N8W 5N8
832,8542 Riverside Dr E,Windsor,N8S 1E9
833,577 Hanley Crescent,Windsor,N9G 1M5
834,552 Hanley Crescent,Windsor,N9G 1M4
835,1268 Windermere Rd,Windsor,N8Y 3E8
836,2530 Tecumseh Rd W,Windsor,N9B 3R2
837,785 Argyle Rd,Windsor,N8Y 3J8
838,3492 Peter St,Windsor,N9C 1J3
839,1557 Pelissier St,Windsor,N8X 1M9
840,911 Ford Blvd,Windsor,N8S 2E8
841,3763 Byng Rd,Windsor,N8W 3J3
842,9011 Wyandotte St E,Windsor,N8S 1V6
843,5035 Tecumseh Rd E,Windsor,N8T 1C2
844,5035 Tecumseh Rd W,Windsor,N9C 2A1
845,2240 Woodlawn Ave,Windsor,N8W 2H3
846,637 Vanier St,Windsor,N8X 3E4
847,2787 Lynngrove Ct,Windsor,N8R 1R5
848,815 Ottawa St,Windsor,N8X 2C7
849,3218 Walker Rd,Windsor,N8W 3R8
850,792 Tecumseh Rd E,Windsor,N8X 2S3
851,1072 Gladstone Ave,Windsor,N9A 2R8
852,1154 Albert Rd,Windsor,N8Y 3P6
853,1026 Belle Isle View Blvd,Windsor,N8S 3G5
854,3353 Boxwood Ct,Windsor,N8R 1Z7
855,210 Esdras Pl,Windsor,N8S 2M5
856,330 Askin Ave,Windsor,N9B 2X2
857,1099 Janette Ave,Windsor,N9A 5A4
858,1094 Janette Ave,Windsor,N9A 5A3
859,1620 Ford Blvd,Windsor,N8T 2E1
860,1371 Rossini Blvd,Windsor,N8Y 2Z6
861,630 Argyle Rd,Windsor,N8Y 3J6
862,1074 Balsamo Ct,Windsor,N9E 4Y5
863,255 Esdras Pl,Windsor,N8S 2M4
864,291 Prado Pl,Windsor,N8S 2G9
865,1012 Marion Ave,Windsor,N9A 2J4
866,1070 Lens Ave,Windsor,N8W 1L5
867,3773 Riberdy Rd,Windsor,N8W 3W2
868,251 Barracuda St,Windsor,N8W 2B1
869,1831 Hickory Rd,Windsor,N8W 3X3
870,1447 Meridian St,Windsor,N9G 3E5
871,883 Lincoln Rd,Windsor,N8Y 2G9
872,2159 Lincoln Rd,Windsor,N8W 2P9
873,3522 Wolfe Ct,Windsor,N9C 1X2
874,455 McEwan Ave,Windsor,N9B 2E7
875,1441 Dougall Ave,Windsor,N8X 1R9
876,1627 Balfour Blvd,Windsor,N8T 2R9
877,1325 Goyeau St,Windsor,N8X 3K9
878,1951 Jefferson Blvd,Windsor,N8T 1B5
879,3696 Sandwich St,Windsor,N9C 1B7
880,1134 Frederica Ave,Windsor,N8P 1V9
881,3399 Rankin Ave,Windsor,N9E 3B5
882,3399 Rankin Ave,Windsor,N9E 3C4
883,1310 Central Ave,Windsor,N8Y 3V4
884,1359 Rossini Blvd,Windsor,N8Y 2Z6
885,2627 Buckingham Dr,Windsor,N8T 2C1
886,1332 Aubin Rd,Windsor,N8Y 4E6
887,889 Hall Ave,Windsor,N9A 2M2
888,1560 Benjamin Ave,Windsor,N8X 4N4
889,1111 Edward Ave,Windsor,N8S 3A2
890,1169 Albert Rd,Windsor,N8Y 3P5
891,521 St Joseph St,Windsor,N9C 3H3
892,5085 Colbourne Dr,Windsor,N8T 1T6
893,820 Lawrence Rd,Windsor,N8Y 3Z7
894,1098 Wigle Ave,Windsor,N9C 3M8
895,1526 Janette Ave,Windsor,N8X 1Z6
896,3265 Woodlawn Ave,Windsor,N8W 2J1
897,2320 Trappers Ave,Windsor,N8P 1N4
898,1096 Greenpark Blvd,Windsor,N8P 1J4
899,763 Church St,Windsor,N9A 4T5
900,2869 Buckingham Dr,Windsor,N8T 2C4
901,824 Ottawa St,Windsor,N8X 2C6
902,937 Cataraqui St,Windsor,N9A 3P7
903,969 Belle Isle View Blvd,Windsor,N8S 3G6
904,3529 King St,Windsor,N9C 1P4
905,678 Church St,Windsor,N9A 4T4
906,741 Gladstone Ave,Windsor,N9A 2R1
907,3010 Regis Ave,Windsor,N8R 1S9
908,3118 Wachna Dr,Windsor,N8T 1Z8
909,2478 Tourangeau Rd,Windsor,N8W 4N7
910,375 Bridge Ave,Windsor,N9B 2M3
911,390 Bridge Ave,Windsor,N9B 2M4
912,1028 Riverdale Ave,Windsor,N8S 3N6
913,3274 Blairwood Ct,Windsor,N8W 5M7
914,812 Frank Ave,Windsor,N8S 1T2
915,3265 McKay Ave,Windsor,N9E 2R6
916,1215 Oak St,Windsor,N8X 2B2
917,1316 California Ave,Windsor,N9B 3A1
918,3838 Poplar Ave,Windsor,N9C 4H9
919,1891 Chateau Ave,Windsor,N8P 1M6
920,3571 Howard Ave,Windsor,N9E 3N6
921,1427 St Patricks Ave,Windsor,N9B 3K3
922,1785 Windsor Ave,Windsor,N8X 3M5
923,1549 Riverside Dr E,Windsor,N9A 2V1
924,1592 Riverside Dr W,Windsor,N9B 1A4
925,2278 Windermere Rd,Windsor,N8W 2S8
926,3417 Dominion Blvd,Windsor,N9E 2N8
927,782 Lincoln Rd,Windsor,N8Y 2G7
928,831 Frank Ave,Windsor,N8S 3P4
929,4282 Howard Ave,Windsor,N9G 1P3
930,5073 Colbourne Dr,Windsor,N8T 1T6
931,5023 Colbourne Dr,Windsor,N8T 1T6
932,1496 St Patricks Ave,Windsor,N9B 3K4
933,3055 Troup Crescent,Windsor,N8R 0A5
934,2217 Lillian Ave,Windsor,N8X 4B1
935,2072 Riverside Dr E,Windsor,N8Y 1A7
936,3418 Wilkinson Ln,Windsor,N9C 1N1
937,426 St John St,Windsor,N8S 3T7
938,959 Marentette Ave,Windsor,N9A 2A2
939,4220 Kennedy Dr E,Windsor,N9G 1Y3
940,1847 Chilver Rd,Windsor,N8W 2T9
941,942 Frank Ave,Windsor,N8S 3P5
942,297 Barracuda St,Windsor,N8W 2B1
943,429 Curry Ave,Windsor,N9B 2B8
944,2423 Seminole St,Windsor,N8W 3P4
945,1657 St Luke Rd,Windsor,N8Y 3N4
946,1024 Frank Ave,Windsor,N8S 3P7
947,1685 Pierre Ave,Windsor,N8X 4P7
948,664 Hildegarde St,Windsor,N8X 2Z6
949,820 Elm Ave,Windsor,N9A 5J6
950,840 Elm Ave,Windsor,N9A 5J6
951,435 Aylmer Ave,Windsor,N9A 1T5
952,1673 Hall Ave,Windsor,N8X 4S2
953,689 Grand Marais Rd W,Windsor,N9E 1Y3
954,640 Riverside Dr E,Windsor,N9A 2T1
955,640 Riverside Dr W,Windsor,N9A 7C3
956,2028 Buckingham Dr,Windsor,N8T 2B3
957,2473 Timbercrest Ave,Windsor,N8P 1S2
958,4012 Mt Royal Dr,Windsor,N9G 2B9
959,1095 Frank Ave,Windsor,N8S 3P6
960,3753 Askin Ave,Windsor,N9E 3K1
961,4462 Villa Paradiso Crescent,Windsor,N9G 2L7
962,1443 Olive Rd,Windsor,N8Y 4M3
963,1334 Martindale St,Windsor,N9B 1G2
964,1512 Hall Ave,Windsor,N8X 2M4
965,936 Banwell Rd,Windsor,N8P 1J2
966,3139 Fazio Dr,Windsor,N9E 4H1
967,863 Hildegarde St,Windsor,N8X 4K6
968,649 Tecumseh Rd E,Windsor,N8X 2S1
969,649 Tecumseh Rd W,Windsor,N8X 1H4
970,979 California Ave,Windsor,N9B 2Z5
971,625 Irvine Ave,Windsor,N8X 2T2
972,2262 Maitland Ave,Windsor,N8P 1Y9
973,3475 Harris St,Windsor,N9C 1N6
974,1452 Elsmere Ave,Windsor,N8X 4G9
975,1534 Tecumseh Rd W,Windsor,N9B 1T8
976,1370 Darlington Ct,Windsor,N8S 4M1
977,948 Goyeau St,Windsor,N9A 1H8
978,4752 Juliet Crescent,Windsor,N9G 3A7
979,2314 Louis Ave,Windsor,N8X 4C4
980,2380 Forest Ave,Windsor,N8W 1R2
981,1270 Bruce Ave,Windsor,N8X 1X3
982,199 Erie St E,Windsor,N9A 3W9
983,1690 Ford Blvd,Windsor,N8T 2E1
984,840 Bensette St,Windsor,N8X 2Z2
985,895 Bensette St,Windsor,N8X 2Z2
986,1693 Ford Blvd,Windsor,N8T 2C9
987,3018 Virginia Park Ave,Windsor,N9E 2C2
988,968 Lincoln Rd,Windsor,N8Y 2H2
989,1320 University Ave W,Windsor,N9B 1B5
990,476 Prince Rd,Windsor,N9C 2Y8
991,3444 Harris St,Windsor,N9C 1N5
992,422 Aylmer Ave,Windsor,N9A 1T6
993,2237 Charl Ave,Windsor,N8X 2A1
994,943 Lincoln Rd,Windsor,N8Y 2H3
995,1917 Vimy Ave,Windsor,N8W 1P2
996,1538 Lincoln Rd,Windsor,N8Y 2J4
997,1825 Aubin Rd,Windsor,N8W 4L1
998,850 Mercer St,Windsor,N9A 3R9
999,3477 Cross St,Windsor,N9C 1N4
1000,493 Windermere Rd,Windsor,N8Y 3C9
1001,252 Erie St W,Windsor,N9A 6B5
1002,214 Ouellette Ave,Windsor,N9A 1A5
1003,2460 Dominion Blvd,Windsor,N9E 2M4
1004,1418 Parent Ave,Windsor,N8X 4J5
1005,3564 Randolph Ave,Windsor,N9E 3G2
1006,3165 Northway Ave,Windsor,N9E 4S4
1007,1067 Victoria Ave,Windsor,N9A 4N7
1008,2035 Everts Ave,Windsor,N9B 3X7
1009,2035 Everts Ave,Windsor,N9B 3E6
1010,3618 Barrymore Ln,Windsor,N9C 1V5
1011,1833 Windermere Rd,Windsor,N8W 2S3
1012,443 Josephine Ave,Windsor,N9B 2K9
1013,417 Randolph Ave,Windsor,N9B 2T5
1014,310 St John St,Windsor,N8S 3T5
1015,789 Caron Ave,Windsor,N9A 5B8
1016,3585 Sandwich St,Windsor,N9C 1B6
1017,3120 St Patricks Ave,Windsor,N9E 3G9
1018,3146 St Patricks Ave,Windsor,N9E 3H1
1019,3382 Sandwich St,Windsor,N9C 1B1
1020,729 Bridge Ave,Windsor,N9B 2M5
1021,1627 York St,Windsor,N8X 1W6
1022,2553 Howard Ave,Windsor,N8X 3W2
1023,3647 Dominion Blvd,Windsor,N9E 2P2
1024,381 Grove Ave,Windsor,N9A 6G1
1025,791 Tuscarora St,Windsor,N9A 1Z3
1026,791 Tuscarora St,Windsor,N8Y 2L9
1027,2321 Lillian Ave,Windsor,N8X 4B4
1028,423 Randolph Ave,Windsor,N9B 2T5
1029,2958 Braemar Ct,Windsor,N8W 5H6
1030,999 St Louis Ave,Windsor,N8S 2K6
1031,1040 Monmouth Rd,Windsor,N8Y 3L7
1032,1433 Sprucewood Ave,Windsor,N9J 3N3
1033,979 Moy Ave,Windsor,N9A 3Z7
1034,1659 College Ave,Windsor,N9B 1M2
1035,2233 Spring Garden Rd,Windsor,N9E 3P9
1036,839 Chilver Rd,Windsor,N8Y 2K4
1037,895 Grand Marais Rd E,Windsor,N8X 3H8
1038,895 Grand Marais Rd W,Windsor,N9E 1C2
1039,2422 Cadillac St,Windsor,N8W 3Y5
1040,3598 Tecumseh Rd E,Windsor,N8W 1H7
1041,3598 Tecumseh Rd W,Windsor,N9C 2B6
1042,1061 Esdras Pl,Windsor,N8S 2N1
1043,595 Elm Ave,Windsor,N9A 5H2
1044,595 Elm Grove Dr,Windsor,N8N 4H2
1045,311 Dieppe St,Windsor,N8S 3V3
1046,710 St Antoine St,Windsor,N9C 3H6
1047,3660 Huntington Ave,Windsor,N9E 3N3
1048,4273 Mt Carmel Crescent,Windsor,N9G 2C9
1049,3957 Seminole St,Windsor,N8Y 1Z1
1050,766 Alexandrine St,Windsor,N8X 3C2
1051,3123 California Ave,Windsor,N9E 3K5
1052,1256 Janisse Dr,Windsor,N8S 2W3
1053,876 Wellington Ave,Windsor,N9A 5J6
1054,615 Irvine Ave,Windsor,N8X 2T2
1055,718 Argyle Rd,Windsor,N8Y 3J7
1056,1176 Lillian Ave,Windsor,N9A 1V7
1057,583 Edinborough St,Windsor,N8X 3C5
1058,1298 Partington Ave,Windsor,N9B 2P4
1059,8596 Riverside Dr E,Windsor,N8S 1E9
1060,1063 Buckingham Rd,Windsor,N8S 2E2
1061,1080 Windermere Rd,Windsor,N8Y 3E4
1062,961 Bridge Ave,Windsor,N9B 2M9
1063,879 St Marys Blvd,Windsor,N8S 2T8
1064,2361 Lincoln Rd,Windsor,N8W 2R4
1065,3048 Rockwell Blvd,Windsor,N9E 2A5
1066,1238 Lakeview Ave,Windsor,N8P 1K9
1067,1380 Arncliffe Pl,Windsor,N8S 4K1
1068,1178 Villaire Ave,Windsor,N8S 2J9
1069,1344 Arncliffe Pl,Windsor,N8S 4K1
1070,1231 Windermere Rd,Windsor,N8Y 3E9
1071,1714 Langlois Ave,Windsor,N8X 4M5
1072,2278 Union St,Windsor,N9B 1L8
1073,478 Watson Ave,Windsor,N8S 3S6
1074,1797 Langlois Ave,Windsor,N8X 4M4
1075,1797 Langlois Ct,Windsor,N8X 4T8
1076,1797 Langlois Ave,Windsor,N8X 4V7
1077,1128 Victoria Ave,Windsor,N9A 4N9
1078,1397 Gladstone Ave,Windsor,N8X 3N1
1079,397 Ellis St E,Windsor,N8X 5C9
1080,328 John B Ave,Windsor,N9C 3G2
1081,328 St John St,Windsor,N8S 3T5
1082,893 Rossini Blvd,Windsor,N8Y 2Z2
1083,1791 Rankin Ave,Windsor,N9B 3W3
1084,669 Cataraqui St,Windsor,N9A 3P2
1085,2234 Lamont Ave,Windsor,N9E 4X4
1086,1641 York St,Windsor,N8X 1W6
1087,378 Elm Ave,Windsor,N9A 5H1
1088,3432 Harris St,Windsor,N9C 1N5
1089,3098 Conservation Dr,Windsor,N8W 5B2
1090,3228 Clemenceau Blvd,Windsor,N8T 2R7
1091,835 Wellington Ave,Windsor,N9A 5J7
1092,3834 Matchette Rd,Windsor,N9C 2A2
1093,3395 Mark Ave,Windsor,N9E 2X2
1094,3395 Mark Ave,Windsor,N9B 3G7
1095,1264 Windermere Rd,Windsor,N8Y 3E8
1096,2946 Turner Rd,Windsor,N8W 3L6
1097,3421 Peter St,Windsor,N9C 1J4
1098,3181 Wyandotte St W,Windsor,N9C 1M8
1099,854 Wyandotte St E,Windsor,N9A 3J6
1100,854 Wyandotte St W,Windsor,N9A 5Y1
1101,2761 Sierra Dr,Windsor,N9E 2Y9
1102,1430 Partington Ave,Windsor,N9B 2P8
1103,1738 Gladstone Ave,Windsor,N8W 2N3
1104,4367 Ashfield Crescent,Windsor,N9G 2G8
1105,410 Oak St,Windsor,N9A 5E6
1106,777 N Talbot Rd,Windsor,N9G 1M8
1107,1012 Pelissier St,Windsor,N9A 4L7
1108,781 N Talbot Rd,Windsor,N9G 1M8
1109,2233 Dandurand Blvd,Windsor,N9E 4Z7
1110,1083 Windermere Rd,Windsor,N8Y 3E5
1111,1477 Dougall Ave,Windsor,N8X 1R9
1112,3563 Peter St,Windsor,N9C 1J6
1113,659 Riverside Dr E,Windsor,N9A 2T2
1114,358 Victoria Ave,Windsor,N9A 4M6
1115,1435 Southdale Dr,Windsor,N8W 5N3
1116,659 St Joseph St,Windsor,N9C 3H3
1117,433 Rosedale Ave,Windsor,N9C 1H2
1118,9457 Ryerson Rd,Windsor,N8R 1V4
1119,1535 Victoria Ave,Windsor,N8X 1P4
1120,9449 Ryerson Rd,Windsor,N8R 1V4
1121,2192 Spring Garden Rd,Windsor,N9E 3P9
1122,2133 Spring Garden Rd,Windsor,N9E 3P9
1123,2420 Seminole St,Windsor,N8Y 1X2
1124,4244 Barton Crescent,Windsor,N9G 2Z1
1125,2957 Peter St,Windsor,N9C 1G9
1126,1087 Wigle Ave,Windsor,N9C 3M7
1127,1513 Partington Ave,Windsor,N9B 2P7
1128,2954 University Ave W,Windsor,N9C 1G2
1129,2224 Forest Ave,Windsor,N8W 2G6
1130,745 Randolph Ave,Windsor,N9B 2T7
1131,833 University Ave W,Windsor,N9A 5S1
1132,833 University Ave E,Windsor,N9A 3A1
1133,1047 Lincoln Rd,Windsor,N8Y 2H5
1134,1089 Louis Ave,Windsor,N9A 1Y1
1135,2354 Rankin Ave,Windsor,N9E 3X6
1136,597 Tournier St,Windsor,N9C 3G9
1137,2633 Armstrong Ave,Windsor,N8T 2G2
1138,2257 Victoria Ave,Windsor,N8X 1R2
1139,3166 Fairlane Crescent,Windsor,N8W 4Y6
1140,4832 Southwood Lakes Blvd,Windsor,N9G 2T2
1141,1467 Pierre Ave,Windsor,N8X 4P4
1142,7139 St Rose Ave,Windsor,N8S 1X7
1143,1189 Campbell Ave,Windsor,N9B 3M7
1144,472 Caron Ave,Windsor,N9A 5B4
1145,239 Belleview Ave,Windsor,N8Y 1A5
1146,1743 Moy Ave,Windsor,N8W 2M3
1147,170 Cabana Rd W,Windsor,N9G 1X2
1148,170 Cabana Rd E,Windsor,N9G 1A1
1149,1873 Windermere Rd,Windsor,N8W 2S3
1150,174 Cabana Rd W,Windsor,N9G 1X2
1151,174 Cabana Rd E,Windsor,N9G 1A1
1152,2373 St Patricks Ave,Windsor,N9E 4V8
1153,1794 Windermere Rd,Windsor,N8W 2S1
1154,714 Janette Ave,Windsor,N9A 4Z7
1155,1341 Walker Rd,Windsor,N8Y 2N9
1156,2779 Howard Ave,Windsor,N8X 3X8
1157,2274 Byng Rd,Windsor,N8W 3E3
1158,2224 Byng Rd,Windsor,N8W 3E3
1159,2282 Byng Rd,Windsor,N8W 3E3
1160,3291 Longfellow Ave,Windsor,N9E 2L7
1161,3415 Sandwich St,Windsor,N9C 1B4
1162,3655 Howard Ave,Windsor,N9E 3N6
1163,910 Lena Ave,Windsor,N9C 3K2
1164,2423 Chandler Rd,Windsor,N8W 4A7
1165,1510 Tecumseh Rd W,Windsor,N9B 1T9
1166,2292 Howard Ave,Windsor,N8X 3V1
1167,2466 Lloyd George Blvd,Windsor,N8T 2T4
1168,2275 Howard Ave,Windsor,N8X 3V2
1169,943 Tecumseh Rd E,Windsor,N8X 2S7
1170,943 Tecumseh Rd W,Windsor,N8X 2A9
1171,3618 Avondale Ave,Windsor,N9E 1X9
1172,493 Isack Dr,Windsor,N8S 3W2
1173,988 Lincoln Rd,Windsor,N8Y 2H2
1174,946 Buckingham Rd,Windsor,N8S 2C9
1175,1377 Elm Ave,Windsor,N8X 2B7
1176,2636 Rivard Ave,Windsor,N8T 2H5
1177,1381 Elm Ave,Windsor,N8X 2B7
1178,941 Lincoln Rd,Windsor,N8Y 2H3
1179,2630 Rivard Ave,Windsor,N8T 2H5
1180,2550 Norman Rd,Windsor,N8T 1S7
1181,551 Giles Blvd E,Windsor,N9A 4E1
1182,551 Giles Blvd W,Windsor,N9A 6H8
1183,1176 Isabelle Pl,Windsor,N8S 3B4
1184,1354 McKay Ave,Windsor,N9B 2B2
1185,480 Dormar Dr,Windsor,N8S 3Z4
1186,867 St Luke Rd,Windsor,N8Y 3M5
1187,471 Dormar Dr,Windsor,N8S 3Z3
1188,2465 Westminster Blvd,Windsor,N8T 1X9
1189,3266 Millen St,Windsor,N9C 1S9
1190,4731 Lavender Ave,Windsor,N9G 3A7
1191,4342 Golfcourse Crescent,Windsor,N9G 2P4
1192,986 Thompson Blvd,Windsor,N8S 2G8
1193,812 Marentette Ave,Windsor,N9A 1Z8
1194,2296 Lillian Ave,Windsor,N8X 4B2
1195,973 Thompson Blvd,Windsor,N8S 2G7
1196,4232 Barton Crescent,Windsor,N9G 2Z1
1197,963 Curry Ave,Windsor,N9B 2C4
1198,1220 Albert Rd,Windsor,N8Y 3P7
1199,719 Roseland Dr S,Windsor,N9G 1T7
1200,2259 Secord Ave,Windsor,N9B 1T3
1201,2220 Secord Ave,Windsor,N9B 1T3
1202,753 Vanier St,Windsor,N8X 3E5
1203,1586 Marentette Ave,Windsor,N8X 4E3
1204,1290 Dougall Ave,Windsor,N8X 1R3
1205,9619 Manitou Crescent,Windsor,N8P 1H9
1206,4677 Shadetree Crescent,Windsor,N9G 2V1
1207,1243 Prince Rd,Windsor,N9C 3A1
1208,236 Eveleigh Crescent,Windsor,N9E 4M3
1209,1668 Parent Ave,Windsor,N8X 4K1
1210,1834 Factoria Rd,Windsor,N8W 3W6
1211,819 Westminster Blvd,Windsor,N8S 2B9
1212,1874 Moy Ave,Windsor,N8W 2M3
1213,4514 Gapam Ct,Windsor,N9G 2W5
1214,2487 Timbercrest Ave,Windsor,N8P 1S2
1215,2851 St Clair Ave,Windsor,N9E 4A3
1216,444 Giles Blvd E,Windsor,N9A 4C5
1217,444 Giles Blvd W,Windsor,N9A 6H6
1218,2832 Stillmeadow Rd,Windsor,N8R 1M6
1219,6745 Charlie Brooks Ct,Windsor,N8T 3M2
1220,1639 Hall Ave,Windsor,N8X 4S2
1221,1598 Hall Ave,Windsor,N8X 4R8
1222,1736 Kildare Rd,Windsor,N8W 2W6
1223,2347 Forest Ave,Windsor,N8W 2G9
1224,667 Memorial Dr,Windsor,N8W 1V9
1225,248 Henkel Pl,Windsor,N8Y 2E7
1226,1349 Goyeau St,Windsor,N8X 3K9
1227,231 Campbell Ave,Windsor,N9B 2H1
1228,4449 Cherry Hill Rd,Windsor,N9G 2P5
1229,743 Bruce Ave,Windsor,N9A 4X3
1230,151 Marentette Ave,Windsor,N9A 1Y4
1231,4086 Manzanillo Crescent,Windsor,N9G 0A2
1232,1071 Windsor Ave,Windsor,N9A 1K3
1233,196 Tuscarora St,Windsor,N9A 3L6
1234,1686 Provincial Rd,Windsor,N8W 5V7
1235,1175 Josephine Ave,Windsor,N9B 2L6
1236,861 Moy Ave,Windsor,N9A 2N7
1237,10399 Shenandoah Crescent,Windsor,N8R 1B6
1238,3660 Queen St,Windsor,N9C 1N9
1239,696 Moy Ave,Windsor,N9A 2N6
1240,2429 Mark Ave,Windsor,N9E 2W2
1241,4066 Howard Ave,Windsor,N9G 1N9
1242,11629 Riverside Dr E,Windsor,N8P 1A6
1243,3657 Shinglecreek Ct,Windsor,N8W 5T7
1244,4729 Periwinkle Crescent,Windsor,N9G 3G5
1245,596 Curry Ave,Windsor,N9B 1Z8
1246,574 McKay Ave,Windsor,N9B 1Z8
1247,1118 Belleperche Pl,Windsor,N8S 3C5
1248,1739 Pierre Ave,Windsor,N8X 4P7
1249,2327 Randolph Ave,Windsor,N9E 3X3
1250,842 Lawrence Rd,Windsor,N8Y 3Z7
1251,2486 McDougall St,Windsor,N8X 3N7
1252,1750 Aubin Rd,Windsor,N8Y 4G5
1253,3117 Mark Ave,Windsor,N9E 2W9
1254,3117 Mark Ave,Windsor,N9B 3G7
1255,221 Wyandotte St E,Windsor,N9A 3H5
1256,221 Wyandotte St W,Windsor,N9A 5W6
1257,6030 Riverside Dr E,Windsor,N8S 1B6
1258,3829 North Service Rd E,Windsor,N8W 5R7
1259,1635 Moy Ave,Windsor,N8X 3J9
1260,736 Gladstone Ave,Windsor,N9A 2R2
1261,1518 Hickory Rd,Windsor,N8Y 3T1
1262,2044 Norman Rd,Windsor,N8T 1S4
1263,1348 Goyeau St,Windsor,N8X 3L1
1264,342 Randolph Ave,Windsor,N9B 2T6
1265,1052 Esdras Pl,Windsor,N8S 2N2
1266,1070 Esdras Pl,Windsor,N8S 2N2
1267,1355 Goyeau St,Windsor,N8X 3K9
1268,978 Lawrence Rd,Windsor,N8Y 3Z8
1269,1858 Tourangeau Rd,Windsor,N8W 4N1
1270,974 St Louis Ave,Windsor,N8S 2K7
1271,1829 Tourangeau Rd,Windsor,N8W 4N2
1272,1785 Alexis Rd,Windsor,N8Y 4P6
1273,955 Dougall Ave,Windsor,N9A 4R4
1274,1478 St Luke Rd,Windsor,N8Y 3N2
1275,1790 Hickory Rd,Windsor,N8Y 3T5
1276,1757 Hickory Rd,Windsor,N8Y 3T4
1277,670 Sprucewood Ave,Windsor,N9C 0B3
1278,1171 Erie St E,Windsor,N9A 3Z4
1279,1113 Erie St E,Windsor,N9A 3Z4
1280,989 Parent Ave,Windsor,N9A 3Y6
1281,2216 Byng Rd,Windsor,N8W 3E3
1282,421 John Harvey Crescent,Windsor,N9E 4R4
1283,5819 Wyandotte St E,Windsor,N8S 1M7
1284,1722 Chandler Rd,Windsor,N8Y 4P9
1285,1086 Church St,Windsor,N9A 4V2
1286,3489 Girardot St,Windsor,N9C 1W3
1287,8624 Darlington Crescent,Windsor,N8S 4M5
1288,1060 Parent Ave,Windsor,N9A 2E5
1289,1277 Chilver Rd,Windsor,N8Y 2L2
1290,1256 Chilver Rd,Windsor,N8Y 2L1
1291,1179 Windsor Ave,Windsor,N9A 1K3
1292,424 Pierre Ave,Windsor,N9A 2K2
1293,872 Lawrence Rd,Windsor,N8Y 3Z7
1294,1328 Bridge Ave,Windsor,N9B 2N3
1295,417 Pierre Ave,Windsor,N9A 2J9
1296,1047 Pillette Rd,Windsor,N8Y 3B7
1297,885 Ellrose Ave,Windsor,N8Y 3W6
1298,949 Jefferson Blvd,Windsor,N8S 2P9
1299,2827 Lloyd George Blvd,Windsor,N8T 2T8
1300,823 Niagara St,Windsor,N9A 2A8
1301,2322 Moy Ave,Windsor,N8W 2M8
1302,1317 Wyandotte St E,Windsor,N9A 3K8
1303,2911 St Clair Ave,Windsor,N9E 4A1
1304,648 Rankin Ave,Windsor,N9B 2R9
1305,3298-3202 Turner Rd,Windsor,N8W 3M1
1306,2381 Westcott Rd,Windsor,N8W 4K6
1307,1230 Gladstone Ave,Windsor,N8X 3H3
1308,1665 Pierre Ave,Windsor,N8X 4P7
1309,3049 Turner Rd,Windsor,N8W 3L6
1310,1552 George Ave,Windsor,N8Y 2Y3
1311,789 Church St,Windsor,N9A 4T5
1312,1439 St Luke Rd,Windsor,N8Y 1X3
1313,1439 St Luke Rd,Windsor,N8Y 4W7
1314,466 Vanderbilt Crescent,Windsor,N8P 1R5
1315,1185 Wigle Ave,Windsor,N9C 3M9
1316,867 Cataraqui St,Windsor,N9A 3P5
1317,212 Lincoln Rd,Windsor,N8Y 2G4
1318,1126 Walker Rd,Windsor,N8Y 2N8
1319,3581 Mulford Ct,Windsor,N9C 1W8
1320,1587 Windermere Rd,Windsor,N8Y 3G2
1321,1022 Isabelle Pl,Windsor,N8S 3B2
1322,1496 Lincoln Rd,Windsor,N8Y 2J1
1323,1427 Lincoln Rd,Windsor,N8Y 2J2
1324,1710 Norman Rd,Windsor,N8Y 4N8
1325,1637 Westcott Rd,Windsor,N8Y 4C8
1326,2470 Norman Rd,Windsor,N8T 1S5
1327,1527 Langlois Ave,Windsor,N8X 4M3
1328,2418 Norman Rd,Windsor,N8T 1S5
1329,1556 Langlois Ave,Windsor,N8X 4M2
1330,539 Bruce Ave,Windsor,N9A 4X1
1331,1462 Lincoln Rd,Windsor,N8Y 2J1
1332,1823 Lincoln Rd,Windsor,N8W 2P6
1333,221 Villaire Ave,Windsor,N8S 2J1
1334,3799 Bliss Rd,Windsor,N8W 3C4
1335,1251 Laurendeau Ave,Windsor,N8Y 4B6
1336,1948 Ford Blvd,Windsor,N8T 2E5
1337,4072 Dougall Ave,Windsor,N9G 1X4
1338,4072 Dougall Square,Windsor,N9G 1X3
1339,1287 Lincoln Rd,Windsor,N8Y 2H9
1340,850 Cousineau Rd,Windsor,N9G 1V7
1341,592 Rodfam Ct,Windsor,N9G 2W3
1342,1847 Windermere Rd,Windsor,N8W 2S3
1343,4062 Mt Royal Dr,Windsor,N9G 2B9
1344,966 Josephine Ave,Windsor,N9B 2L5
1345,299 Giles Blvd W,Windsor,N9A 6H7
1346,1685 Glenwood Ave,Windsor,N9E 3X7
1347,1174 Sumach Crescent,Windsor,N8S 2S4
1348,3084 Tecumseh Rd E,Windsor,N8W 1G7
1349,4458 Villa Paradiso Crescent,Windsor,N9G 2L7
1350,1423 Partington Ave,Windsor,N9B 2P7
1351,1623 Villa Maria Blvd N,Windsor,N9G 1W3
1352,1623 Villa Maria Blvd S,Windsor,N9G 1W6
1353,3896 Poplar Ave,Windsor,N9C 4H9
1354,4523 Brothers Ct,Windsor,N9G 2W1
1355,2441 Maitland Ave,Windsor,N8P 1Y8
1356,3478 Harris St,Windsor,N9C 1N5
1357,317 Cousineau Rd,Windsor,N9G 1V6
1358,3480 Hemlock Rd,Windsor,N8R 1Z9
1359,10786 Lambeth Rd,Windsor,N8R 1C9
1360,3882 Avon Dr,Windsor,N9G 2E3
1361,585 Caron Ave,Windsor,N9A 5B5
1362,775 Victoria Ave,Windsor,N9A 4N3
1363,1421 Hall Ave,Windsor,N8X 4R5
1364,4344 Wyandotte St E,Windsor,N8Y 1H1
1365,1397 University Ave W,Windsor,N9B 1B8
1366,1397 University Ave E,Windsor,N9A 2J7
1367,222 Watson Ave,Windsor,N8S 3R9
1368,1176 Windermere Rd,Windsor,N8Y 3E6
1369,384 Bridge Ave,Windsor,N9B 2M4
1370,828 Marentette Ave,Windsor,N9A 1Z8
1371,4039 Tecumseh Rd E,Windsor,N8W 1J7
1372,5319 Riverside Dr E,Windsor,N8S 1A2
1373,3156 Locust Ct,Windsor,N8R 2B1
1374,1762 Westcott Rd,Windsor,N8Y 4C9
1375,3376 Hemlock Rd,Windsor,N8R 1Z9
1376,957 Curry Ave,Windsor,N9B 2C4
1377,895 Monmouth Rd,Windsor,N8Y 3L5
1378,2227 Union St,Windsor,N9B 3S8
1379,362 Campbell Ave,Windsor,N9B 2H3
1380,3077 Stillmeadow Rd,Windsor,N8R 1N2
1381,859 Elliott St E,Windsor,N9A 3S8
1382,922 Banwell Rd,Windsor,N8P 1J1
1383,1333 Lincoln Rd,Windsor,N8Y 2J1
1384,837 Francois Ct,Windsor,N8Y 3W5
1385,849 Francois Ct,Windsor,N8Y 3W5
1386,179 Bruce Ave,Windsor,N9A 4W2
1387,2281 Charl Ave,Windsor,N8X 2A1
1388,1283 Erie St E,Windsor,N9A 3Z6
1389,7021 Wyandotte St E,Windsor,N8S 1R1
1390,1111 St Paul Ave,Windsor,N8S 4T6
1391,4742 Tecumseh Rd E,Windsor,N8T 1B7
1392,3024 Arpino Ave,Windsor,N8N 0A7
1393,643 Tecumseh Rd E,Windsor,N8X 2S1
1394,9748 Ridge Rd,Windsor,N8R 1G6
1395,1867 Tourangeau Rd,Windsor,N8W 4N2
1396,2962 McKay Blvd,Windsor,N9E 2R7
1397,2962 McKay Ave,Windsor,N9B 3P2
1398,2962 McKay Ave,Windsor,N9C 2L7
1399,922 Belleperche Pl,Windsor,N8S 3C3
1400,1759 Vicky Cir,Windsor,N8W 5P7
1401,1139 Dougall Ave,Windsor,N9A 4R8
1402,3759 Montcalm St,Windsor,N9C 2B1
1403,2462 Dougall Ave,Windsor,N8X 1T3
1404,3564 Woodland Ave,Windsor,N9E 1Z8
1405,982 Bruce Ave,Windsor,N9A 4X7
1406,958 Bruce Ave,Windsor,N9A 4X7
1407,692 Kildare Rd,Windsor,N8Y 3H2
1408,1517 Lincoln Rd,Windsor,N8Y 2J3
1409,1738 Westcott Rd,Windsor,N8Y 4C9
1410,1896 Westcott Rd,Windsor,N8W 4K2
1411,1175 Virginia Ave,Windsor,N8S 2Y8
1412,1110 Virginia Ave,Windsor,N8S 2Y8
1413,3163 Dominion Blvd,Windsor,N9E 2N3
1414,277 Cameron Ave,Windsor,N9B 1Y5
1415,289 Cameron Ave,Windsor,N9B 1Y5
1416,2391 Parent Ave,Windsor,N8W 1R1
1417,622 Dougall Ave,Windsor,N9A 4P8
1418,1816 Albert Rd,Windsor,N8W 3W9
1419,1793 Westcott Rd,Windsor,N8Y 4E1
1420,536 Chippawa St,Windsor,N9C 2W3
1421,485 Randolph Ave,Windsor,N9B 2T5
1422,793 Cabana Rd W,Windsor,N9G 1B6
1423,1065 Westchester Dr,Windsor,N8S 3Z1
1424,2923 Coletta Ct,Windsor,N8T 3E9
1425,9469 Alten Dr,Windsor,N8R 1V9
1426,810 Moy Ave,Windsor,N9A 2N8
1427,3472 Bloomfield Rd,Windsor,N9C 1R6
1428,9836 Holly Crescent,Windsor,N8R 1Y6
1429,1670 Bruce Ave,Windsor,N8X 1Y2
1430,1481 Curry Ave,Windsor,N9B 2B3
1431,1717 Ferndale Ave,Windsor,N8T 2K6
1432,2624 Princess Ave,Windsor,N8T 1V9
1433,1696 Seymour Blvd,Windsor,N8W 2Y7
1434,3058 Northway Ave,Windsor,N9E 4V6
1435,3234 Briarbank Dr,Windsor,N8R 1T4
1436,3566 Dougall Ave,Windsor,N9E 1T2
1437,4078 Dougall Ave,Windsor,N9G 1X4
1438,10524 Keating Crescent,Windsor,N8R 1T5
1439,481 Dormar Dr,Windsor,N8S 3Z3
1440,478 Dormar Dr,Windsor,N8S 3Z4
1441,1884 Hall Ave,Windsor,N8W 1B6
1442,1293 Oak St,Windsor,N8X 2B2
1443,2164 Lincoln Rd,Windsor,N8W 2R1
1444,1235 Monmouth Rd,Windsor,N8Y 3M2
1445,3549 Barrymore Ln,Windsor,N9C 1V4
1446,3669 Sandwich St,Windsor,N9C 1B8
1447,956 Lincoln Rd,Windsor,N8Y 2H2
1448,3257 Blairwood Ct,Windsor,N8W 5M7
1449,2446 Pillette Rd,Windsor,N8T 1P6
1450,2738 Rivard Ave,Windsor,N8T 2H5
1451,1392 California Ave,Windsor,N9B 3A1
1452,4059 Howard Ave,Windsor,N9G 1N9
1453,5978 Tecumseh Rd E,Windsor,N8T 1E4
1454,1872 Gladstone Ave,Windsor,N8W 1C1
1455,934 Lawrence Rd,Windsor,N8Y 3Z8
1456,1263 Monmouth Rd,Windsor,N8Y 3M2
1457,1625 Marentette Ave,Windsor,N8X 4E6
1458,2765 Pillette Rd,Windsor,N8T 1P9
1459,2081 Willistead Crescent,Windsor,N8Y 1K5
1460,492 Kennedy Dr W,Windsor,N9G 1S9
1461,2484 Timbercrest Ave,Windsor,N8P 1S2
1462,1054 Lexington Cir,Windsor,N8S 4T3
1463,9445 Beachdale Rd,Windsor,N8R 1S4
1464,1871 Luxury Ave,Windsor,N8P 1T2
1465,1437 Henry Ford Centre Dr,Windsor,N8Y 2R9
1466,3562 Sandwich St,Windsor,N9C 1B5
1467,2642 Clemenceau Blvd,Windsor,N8T 2P6
1468,3193 Byng Rd,Windsor,N8W 3G8
1469,3660 Dandurand Blvd,Windsor,N9E 2G3
1470,3292 Seville Ave,Windsor,N8N 0A5
1471,3554 Caribou Crescent,Windsor,N8W 5V5
1472,383 Newbury St,Windsor,N9A 6A1
1473,4095 Tecumseh Rd E,Windsor,N8W 1J7
1474,4095 Tecumseh Rd W,Windsor,N9C 2A1
1475,344 Newbury St,Windsor,N9A 4T8
1476,1520 Gladstone Ave,Windsor,N8X 2R1
1477,9392 Little River Blvd,Windsor,N8P 1Z2
1478,9392 Little River Rd,Windsor,N8S 2B6
1479,2383 Norman Rd,Windsor,N8T 1S6
1480,3464 Sandwich St,Windsor,N9C 1B3
1481,2346 Norman Rd,Windsor,N8T 1S5
1482,815 Argyle Rd,Windsor,N8Y 3K1
1483,913 Rholaine Dr,Windsor,N8S 3Z9
1484,1745 Calderwood Ave,Windsor,N8W 5T6
1485,3368 Peter St,Windsor,N9C 1H8
1486,5662 Riverside Dr E,Windsor,N8S 1A8
1487,2492 Seminole St,Windsor,N8Y 1X2
1488,3488 Glenwood Ave,Windsor,N9E 2Y5
1489,3721 Montcalm St,Windsor,N9C 2B1
1490,1310 Tourangeau Rd,Windsor,N8Y 4H9
1491,1012 Janette Ave,Windsor,N9A 5A3
1492,1657 Glendale Ave,Windsor,N8T 2N1
1493,483 Wyandotte St E,Windsor,N9A 3H8
1494,483 Wyandotte St W,Windsor,N9A 5W6
1495,1627 Marentette Ave,Windsor,N8X 4E6
1496,4243 Mt Royal Dr,Windsor,N9G 2C3
1497,3058 Bruce Ave,Windsor,N9E 1W4
1498,1142 Drouillard Rd,Windsor,N8Y 2R1
1499,4729 Wyandotte St E,Windsor,N8Y 1H8
1500,437 Frank Ave,Windsor,N8S 3P2
1501,3611 Mulford Ct,Windsor,N9C 1W8
1502,1040 Highland Ave,Windsor,N9A 1R7
1503,1064 Highland Ave,Windsor,N9A 1R7
1504,1037 Highland Ave,Windsor,N9A 1R6
1505,1014 Highland Ave,Windsor,N9A 1R7
1506,1138 Highland Ave,Windsor,N9A 1R7
1507,1557 Windsor Ave,Windsor,N8X 3M3
1508,1467 Kildare Rd,Windsor,N8Y 1S8
1509,1479 Cabana Rd W,Windsor,N9G 1C3
1510,290 Ouellette Ave,Windsor,N9A 1A5
1511,1616 Bruce Ave,Windsor,N8X 1Y2
1512,2091 Mohawk St,Windsor,N8W 3C7
1513,1489 Tecumseh Rd E,Windsor,N8W 1C2
1514,1489 Tecumseh Rd W,Windsor,N9B 1T7
1515,1333 Tecumseh Rd E,Windsor,N8W 1B9
1516,1333 Tecumseh Rd W,Windsor,N9B 1T5
1517,927 Partington Ave,Windsor,N9B 2P1
1518,3648 Tecumseh Rd E,Windsor,N8W 1H7
1519,587 Tournier St,Windsor,N9C 3G9
1520,1557 Langlois Ave,Windsor,N8X 4M3
1521,549 Clover St,Windsor,N8P 1C5
1522,767 Alexandrine St,Windsor,N8X 5E9
1523,499 Windermere Rd,Windsor,N8Y 3C9
1524,827 Watson Ave,Windsor,N8S 3S9
1525,2473 Seminole St,Windsor,N8Y 1X2
1526,846 Watson Ave,Windsor,N8S 3S8
1527,3028 Pillette Rd,Windsor,N8T 3J3
1528,2123 Mark Ave,Windsor,N9B 3X7
1529,2132 Mark Ave,Windsor,N9B 3X7
1530,2171 Mark Ave,Windsor,N9B 3X6
1531,2877 Robillard Crescent,Windsor,N8W 5M3
1532,1292 Windermere Rd,Windsor,N8Y 3E8
1533,736 Tecumseh Rd E,Windsor,N8X 2S1
1534,736 Tecumseh Rd W,Windsor,N8X 1H4
1535,1725 Westcott Rd,Windsor,N8Y 4E1
1536,1377 Marentette Ave,Windsor,N8X 4C9
1537,681 Christina Crescent,Windsor,N9G 2M3
1538,681 Christina Ct,Windsor,N9G 2M4
1539,1566 York St,Windsor,N8X 1W4
1540,4218 Mt Carmel Crescent,Windsor,N9G 2E1
1541,2654 Buckingham Dr,Windsor,N8T 2B9
1542,7672 Tranby Ave,Windsor,N8S 4S3
1543,877 Rholaine Dr,Windsor,N8S 3Z7
1544,818 Newport Crescent,Windsor,N9E 4Z5
1545,837 Newport Crescent,Windsor,N9E 4Z5
1546,442 Lori St,Windsor,N8S 3Y2
1547,251 Pratt Pl,Windsor,N8Y 2W5
1548,3825 Howard Ave,Windsor,N9E 3N8
1549,2376 Louis Ave,Windsor,N8W 2B6
1550,315 Rosedale Ave,Windsor,N9C 2M9
1551,1438 Bruce Ave,Windsor,N8X 1X7
1552,1387 Partington Ave,Windsor,N9B 2P5
1553,3413 Sandwich St,Windsor,N9C 1B4
1554,315 Cameron Ave,Windsor,N9B 1Y8
1555,972 Esdras Pl,Windsor,N8S 2M9
1556,491 Detroit St,Windsor,N9C 2P6
1557,1692 Arthur Rd,Windsor,N8Y 3Z3
1558,3551 Peter St,Windsor,N9C 1J6
1559,647 Brock St,Windsor,N9C 2T1
1560,1080 Marentette Ave,Windsor,N9A 2A5
1561,914 Buckingham Rd,Windsor,N8S 2C9
1562,11127 Tecumseh Rd E,Windsor,N8R 1B1
1563,1653 Moy Ave,Windsor,N8X 3J9
1564,2962 Langlois Ave,Windsor,N8X 4M7
1565,1963 Ellrose Ave,Windsor,N8W 4V1
1566,3330 Pineview Crescent,Windsor,N8R 2A7
1567,3326 Pineview Crescent,Windsor,N8R 2A7
1568,228 California Ave,Windsor,N9B 1E7
1569,1680 Windsor Ave,Windsor,N8X 2R3
1570,2733 Everts Ave,Windsor,N9E 2T9
1571,1777 Tourangeau Rd,Windsor,N8Y 4J9
1572,1997 Loraine Ave,Windsor,N8W 1P5
1573,6731 Rose-Ville Garden Dr,Windsor,N8T 1J3
1574,1877 Lincoln Rd,Windsor,N8W 2P6
1575,1588 Church St,Windsor,N8X 1V3
1576,3079 Banwell Rd,Windsor,N8R 1B1
1577,1817 Cadillac St,Windsor,N8W 3X8
1578,3265 Milano Ct,Windsor,N8R 2K1
1579,3369 Peter St,Windsor,N9C 1J2
1580,737 Lincoln Rd,Windsor,N8Y 2G8
1581,1540 Langlois Ave,Windsor,N8X 4M2
1582,1737 Longfellow Ave,Windsor,N9B 3J3
1583,1599 Partington Ave,Windsor,N9B 2P7
1584,1249 Windermere Rd,Windsor,N8Y 3E9
1585,3621 Peter St,Windsor,N9C 1J8
1586,413 Carling Crescent,Windsor,N8S 3X9
1587,1984 Verdun Ave,Windsor,N8W 1P7
1588,1146 Windermere Rd,Windsor,N8Y 3E6
1589,1762 Durham Pl,Windsor,N8W 2Z9
1590,416 Lauzon Rd,Windsor,N8S 3M3
1591,1055 Windsor Ave,Windsor,N9A 1K3
1592,1015 Prado Pl,Windsor,N8S 2H6
1593,1278 Lauzon Rd,Windsor,N8S 3M9
1594,2127 Wyandotte St E,Windsor,N8Y 2L4
1595,2127 Wyandotte St W,Windsor,N9B 1K1
1596,1229 Chilver Rd,Windsor,N8Y 2L2
1597,2753 Southridge St,Windsor,N8W 5N3
1598,4572 Fontana Ave,Windsor,N9G 3C8
1599,1082 Lake Laguna Ct,Windsor,N9G 2Y1
1600,2554 California Ave,Windsor,N9E 4L8
1601,484 Erie St E,Windsor,N9A 3X6
1602,1059 Lake Laguna Ct,Windsor,N9G 2Y1
1603,1369 Azalia Crescent,Windsor,N8W 5C6
1604,1531 Norman Rd,Windsor,N8Y 4N5
1605,2499 Arthur Rd,Windsor,N8W 4W1
1606,1520 Wyandotte St E,Windsor,N9A 3L2
1607,1035 California Ave,Windsor,N9B 2Z5
1608,3267 Milano Ct,Windsor,N8R 2K1
1609,3178 Fazio Dr,Windsor,N9E 4G6
1610,850 Lawrence Rd,Windsor,N8Y 3Z7
1611,3633 Huntington Ave,Windsor,N9E 3N2
1612,1161 Langlois Ave,Windsor,N9A 2H4
1613,1582 Cadillac St,Windsor,N8Y 2V3
1614,3889 Riverside Dr E,Windsor,N8Y 1B3
1615,611 McKay Ave,Windsor,N9B 1Z9
1616,2996 Scotia Dr,Windsor,N8T 2G5
1617,1982 Jefferson Blvd,Windsor,N8T 2W2
1618,9327 Aire Ct,Windsor,N8S 4E7
1619,235 McEwan Ave,Windsor,N9B 2E3
1620,1336 Giselle Crescent,Windsor,N8W 5P5
1621,1590 Armanda St,Windsor,N9C 3W9
1622,280 Eugenie St E,Windsor,N8X 2X8
1623,876 Laporte Ave,Windsor,N8S 3R4
1624,2813 Mangin Crescent,Windsor,N9E 4K6
1625,989 Bruce Ave,Windsor,N9A 4X8
1626,3357 Peter St,Windsor,N9C 1J1
1627,2322 George Ave,Windsor,N8W 4M4
1628,3984 Ypres Ave,Windsor,N8W 4J4
1629,452 Mill St,Windsor,N9C 2R6
1630,5041 Grand Blvd,Windsor,N8T 0A2
1631,2296 Lincoln Rd,Windsor,N8W 2R2
1632,2128 Dougall Ave,Windsor,N8X 1S6
1633,911 Drouillard Rd,Windsor,N8Y 2P5
1634,911 Drouillard Dr,Windsor,N8Y 2P9
1635,3777 Huntington Ave,Windsor,N9E 3N4
1636,1072 Drouillard Rd,Windsor,N8Y 2P8
1637,2947 Riviera Dr,Windsor,N9E 3A5
1638,186 University Ave W,Windsor,N9A 4M6
1639,5124 Wyandotte St E,Windsor,N8Y 4Z7
1640,1573 Church St,Windsor,N8X 1V4
1641,2198 Dougall Ave,Windsor,N8X 1S6
1642,2198 Dougall Square,Windsor,N9G 1X3
1643,417 Aylmer Ave,Windsor,N9A 1T5
1644,492 Aylmer Ave,Windsor,N9A 1T6
1645,2185 Wyandotte St W,Windsor,N9B 1K1
1646,2959 Metcalfe St,Windsor,N8Y 2R9
1647,1019 Felix Ave,Windsor,N9C 3L4
1648,1455 Drouillard Rd,Windsor,N8Y 2R8
1649,1414 Bernard Rd,Windsor,N8Y 4K3
1650,3087 Meadowbrook Ln,Windsor,N8T 3C5
1651,913 Laporte Ave,Windsor,N8S 3R3
1652,3837 Walker Rd,Windsor,N8W 3T1
1653,1614 Hall Ave,Windsor,N8X 4S1
1654,965 Monmouth Rd,Windsor,N8Y 1K5
1655,1416 Langlois Ave,Windsor,N8X 4L7
1656,1416 Langlois Ct,Windsor,N8X 4X2
1657,1416 Langlois Ave,Windsor,N8X 4V6
1658,1764 Everts Ave,Windsor,N9B 3E7
1659,352 Frank Ave,Windsor,N8S 3P1
1660,2018 Spring Garden Rd,Windsor,N9E 3P6
1661,1818 Meldrum Rd,Windsor,N8W 4C9
1662,2253 Parkwood Ave,Windsor,N8W 2K1
1663,3981 Malden Rd,Windsor,N9C 2G4
1664,984 Ouellette Ave,Windsor,N9A 4J5
1665,560 Partington Ave,Windsor,N9B 2N5
1666,1980 Glendale Ave,Windsor,N8T 2N6
1667,4523 Unicorn Ave,Windsor,N9G 3G6
1668,3494 Sandwich St,Windsor,N9C 1B3
1669,2430 Seminole St,Windsor,N8Y 1X2
1670,2930 Dominion Blvd,Windsor,N9E 2M2
1671,879 Arthur Rd,Windsor,N8Y 3Y1
1672,2930 Dominion Blvd,Windsor,N9E 2M2
1673,8645 Darlington Crescent,Windsor,N8S 4M5
1674,3597 Deerbrook Dr,Windsor,N8R 2E6
1675,1019 Windsor Ave,Windsor,N9A 1K3
1676,215 Riverside Dr W,Windsor,N9A 5K4
1677,221 Riverside Dr W,Windsor,N9A 5K4
1678,3838 Riverside Dr E,Windsor,N8Y 1B5
1679,3838 Riverside Dr W,Windsor,N9C 1A2
1680,1455 Parent Ave,Windsor,N8X 4J6
1681,1645 St Luke Rd,Windsor,N8Y 3N4
1682,1010 Talbot Rd,Windsor,N9H 1A4
1683,812 Janette Ave,Windsor,N9A 4Z9
1684,1630 Betts Ave,Windsor,N9B 3L5
1685,1671 Betts Ave,Windsor,N9B 3L4
1686,1523 Drouillard Rd,Windsor,N8Y 2S1
1687,1057 Drouillard Rd,Windsor,N8Y 2P9
1688,1544 Ouellette Ave,Windsor,N8X 1K7
1689,1125 Tecumseh Rd W,Windsor,N8X 1H7
1690,1110 Esdras Pl,Windsor,N8S 2N4
1691,2426 Dandurand Blvd,Windsor,N9E 2C9
1692,1264 Labadie Rd,Windsor,N8Y 4G7
1693,1952 Ellrose Ave,Windsor,N8W 4T9
1694,2989 Jefferson Blvd,Windsor,N8T 3J1
1695,972 Hall Ave,Windsor,N9A 2M5
1696,2425 Lloyd George Blvd,Windsor,N8T 2T3
1697,919 St Marys Blvd,Windsor,N8S 2V1
1698,3059 Woodlawn Ave,Windsor,N8W 2H8
1699,1672 Factoria Rd,Windsor,N8Y 4R2
1700,439 Detroit St,Windsor,N9C 2P6
1701,992 Erie St E,Windsor,N9A 3Y9
1702,992 Erie St W,Windsor,N9A 5G5
1703,1524 Bernard Rd,Windsor,N8Y 4K6
1704,128 Wyandotte St W,Windsor,N9A 5W6
1705,4329 Wyandotte St E,Windsor,N8Y 1H3
1706,1955 Oneida Ct,Windsor,N8Y 1T1
1707,865 Jefferson Blvd,Windsor,N8S 2P7
1708,1570 Bruce Ave,Windsor,N8X 1X9
1709,410 Erie St E,Windsor,N9A 3X4
1710,2169 Woodlawn Ave,Windsor,N8W 2H2
1711,911 Jarvis Ave,Windsor,N8P 1C8
1712,1118 Grand Marais Rd E,Windsor,N8W 1W2
1713,3530 Huntington Ave,Windsor,N9E 3M8
1714,5090 Riverside Dr W,Windsor,N9C 1A2
1715,2798 Alexandra Ave,Windsor,N9E 2J7
1716,1610 Prince Rd,Windsor,N9C 3B7
1717,2277 Parkwood Ave,Windsor,N8W 2K1
1718,1270 Aubin Rd,Windsor,N8Y 4E5
1719,1263 Aubin Rd,Windsor,N8Y 4E4
1720,1348 Tecumseh Rd W,Windsor,N9B 1T5
1721,1186 Howard Ave,Windsor,N9A 1S6
1722,1186 Lillian Ave,Windsor,N9A 1V7
1723,2235 Woodlawn Ave,Windsor,N8W 2H4
1724,2217 Woodlawn Ave,Windsor,N8W 2H4
1725,645 Moy Ave,Windsor,N9A 2N5
1726,1175 Lens Ave,Windsor,N8W 2L7
1727,9645 Lynngrove Crescent,Windsor,N8R 1B8
1728,1088 Lens Ave,Windsor,N8W 1L5
1729,1117 Grand Marais Rd E,Windsor,N8W 1W3
1730,1117 Grand Marais Rd W,Windsor,N9E 1C8
1731,1831 Randolph Ave,Windsor,N9B 2W2
1732,3761 Vaughan St,Windsor,N9C 1Z6
1733,2384 Meldrum Rd,Windsor,N8W 4E4
1734,1087 Pelissier St,Windsor,N9A 4L8
1735,3738 Rockwell Blvd,Windsor,N9E 2B2
1736,797 Lynn St,Windsor,N9G 1G6
1737,960 Josephine Ave,Windsor,N9B 2L5
1738,2220 Forest Ave,Windsor,N8W 2G6
1739,1839 Hartford Ct,Windsor,N8W 5K4
1740,3242 Millen St,Windsor,N9C 1S9
1741,949 Bridge Ave,Windsor,N9B 2M9
1742,2215 Mark Ave,Windsor,N9B 3X3
1743,2237 Parkwood Ave,Windsor,N8W 2K1
1744,395 Neal Blvd,Windsor,N9G 1T5
1745,430 Vanderbilt Crescent,Windsor,N8P 1R6
1746,2322 Meighen Rd,Windsor,N8W 4B9
1747,2667 Askin Ave,Windsor,N9E 3H8
1748,933 Lincoln Rd,Windsor,N8Y 2H3
1749,2756 Howard Ave,Windsor,N8X 3X8
1750,1350 Rankin Ave,Windsor,N9B 2S7
1751,1215 Rankin Ave,Windsor,N9B 2S5
1752,224 Belleview Ave,Windsor,N8Y 1A5
1753,2373 Meldrum Rd,Windsor,N8W 4E6
1754,1035 Parkview Ave,Windsor,N8S 2X6
1755,1269 Marentette Ave,Windsor,N8X 4C7
1756,2976 Princess Ave,Windsor,N8T 3G3
1757,1246 Marentette Ave,Windsor,N8X 4C6
1758,2370 Highland Ave,Windsor,N8X 3S5
1759,3943 Mt Royal Dr,Windsor,N9G 2B8
1760,1267 Marentette Ave,Windsor,N8X 4C7
1761,2844 Tecumseh Rd E,Windsor,N8W 1G4
1762,172 Askin Ave,Windsor,N9B 2W9
1763,1256 Belle Isle View Blvd,Windsor,N8S 3G7
1764,3215 Milano Ct,Windsor,N8R 2K1
1765,4733 Juliet Crescent,Windsor,N9G 3A7
1766,1549 Bruce Ave,Windsor,N8X 1Y1
1767,536 Mill St,Windsor,N9C 2R7
1768,541 Janette Ave,Windsor,N9A 4Z6
1769,3782 Victoria Blvd,Windsor,N9E 3L8
1770,2229 Roxborough Blvd,Windsor,N9B 3X2
1771,2295 Roxborough Ave,Windsor,N9E 2Z9
1772,2295 Roxborough Blvd,Windsor,N9B 3X2
1773,4762 Shadetree Ct,Windsor,N9G 2T9
1774,1150 Janette Ave,Windsor,N9A 5A7
1775,1018 Windsor Ave,Windsor,N9A 1K4
1776,921 Dougall Ave,Windsor,N9A 4R4
1777,1255 Chilver Rd,Windsor,N8Y 2L2
1778,1096 Janette Ave,Windsor,N9A 5A3
1779,1272 Lincoln Rd,Windsor,N8Y 2H8
1780,2185 Lincoln Rd,Windsor,N8W 2P9
1781,2595 Turner Rd,Windsor,N8W 3L2
1782,795 Brant St,Windsor,N9A 3G2
1783,1888 Meldrum Rd,Windsor,N8W 4C9
1784,938 Albert Rd,Windsor,N8Y 3P2
1785,3531 Turner Rd,Windsor,N8W 3M7
1786,2552 Academy Dr,Windsor,N9E 2G6
1787,1056 Fairview Blvd,Windsor,N8S 3E7
1788,3870 Riverside Dr E,Windsor,N8Y 1B5
1789,3870 Riverside Dr W,Windsor,N9C 1A2
1790,4647 Bunker Ave,Windsor,N9G 3A8
1791,469 Shoreview Cir,Windsor,N8P 1M7
1792,3723 Dandurand Blvd,Windsor,N9E 2G4
1793,2356 Turner Rd,Windsor,N8W 3K6
1794,341 Tuscarora St,Windsor,N9A 3L8
1795,1565 Moy Ave,Windsor,N8X 1J4
1796,2127 Kildare Rd,Windsor,N8W 1C8
1797,861 Hacienda Ct,Windsor,N9G 2T1
1798,2375 Louis Ave,Windsor,N8W 2B7
